tasks,offlines,repeat,tag,date,init,limit,setup,time,calls
16,0,10,pusty,2007-01-14 11:44:19,1,1,2,8.26,42271739
16,0,10,pusty,2007-01-14 11:44:33,1,2,2,13.90,22742749
16,0,10,pusty,2007-01-14 11:44:48,1,3,2,14.80,22742749
16,0,10,pusty,2007-01-14 11:44:49,2,1,2,0.36,2170840
16,0,10,pusty,2007-01-14 11:44:49,2,2,2,0.59,1002728
16,0,10,pusty,2007-01-14 11:44:50,2,3,2,0.61,1002728
16,0,10,pusty,2007-01-14 11:44:51,3,1,2,0.35,1122753
16,0,10,pusty,2007-01-14 11:44:51,3,2,2,0.50,489811
16,0,10,pusty,2007-01-14 11:44:52,3,3,2,0.47,489811
16,0,11,pusty,2007-01-14 11:45:07,1,1,2,15.14,77144075
16,0,11,pusty,2007-01-14 11:45:21,1,2,2,13.70,22670356
16,0,11,pusty,2007-01-14 11:45:36,1,3,2,14.62,22670356
16,0,11,pusty,2007-01-14 11:45:40,2,1,2,4.29,21928917
16,0,11,pusty,2007-01-14 11:45:45,2,2,2,4.95,8802019
16,0,11,pusty,2007-01-14 11:45:50,2,3,2,4.83,8802019
16,0,11,pusty,2007-01-14 11:45:51,3,1,2,0.45,1606988
16,0,11,pusty,2007-01-14 11:45:51,3,2,2,0.36,374667
16,0,11,pusty,2007-01-14 11:45:52,3,3,2,0.36,374667
16,0,12,pusty,2007-01-14 11:46:52,1,1,2,Command exited with non-zero status 137 0.00,Timeout: aborting command ``../../src/branch'' with signal 9 Killed
16,0,12,pusty,2007-01-14 11:47:52,1,2,2,Command exited with non-zero status 137 0.00,Timeout: aborting command ``../../src/branch'' with signal 9 Killed
16,0,12,pusty,2007-01-14 11:48:52,1,3,2,Command exited with non-zero status 137 0.00,Timeout: aborting command ``../../src/branch'' with signal 9 Killed
16,0,12,pusty,2007-01-14 11:49:32,2,1,2,39.63,200925268
16,0,12,pusty,2007-01-14 11:50:15,2,2,2,41.67,72513148
16,0,12,pusty,2007-01-14 11:50:57,2,3,2,41.91,72513148
16,0,12,pusty,2007-01-14 11:51:09,3,1,2,11.66,58576822
16,0,12,pusty,2007-01-14 11:51:22,3,2,2,12.72,21775542
16,0,12,pusty,2007-01-14 11:51:35,3,3,2,13.24,21775542
16,0,13,pusty,2007-01-14 11:51:42,1,1,2,6.37,32138213
16,0,13,pusty,2007-01-14 11:51:51,1,2,2,9.40,16369643
16,0,13,pusty,2007-01-14 11:52:02,1,3,2,10.40,16369643
16,0,13,pusty,2007-01-14 11:52:02,2,1,2,0.13,689576
16,0,13,pusty,2007-01-14 11:52:02,2,2,2,0.20,337709
16,0,13,pusty,2007-01-14 11:52:03,2,3,2,0.21,337709
16,0,13,pusty,2007-01-14 11:52:03,3,1,2,0.24,329092
16,0,13,pusty,2007-01-14 11:52:03,3,2,2,0.27,172788
16,0,13,pusty,2007-01-14 11:52:04,3,3,2,0.28,172788
16,0,14,pusty,2007-01-14 11:53:04,1,1,2,Command exited with non-zero status 137 0.00,Timeout: aborting command ``../../src/branch'' with signal 9 Killed
16,0,14,pusty,2007-01-14 11:54:04,1,2,2,Command exited with non-zero status 137 0.00,Timeout: aborting command ``../../src/branch'' with signal 9 Killed
16,0,14,pusty,2007-01-14 11:55:04,1,3,2,Command exited with non-zero status 137 0.00,Timeout: aborting command ``../../src/branch'' with signal 9 Killed
16,0,14,pusty,2007-01-14 11:56:04,2,1,2,Command exited with non-zero status 137 0.00,Timeout: aborting command ``../../src/branch'' with signal 9 Killed
16,0,14,pusty,2007-01-14 11:57:04,2,2,2,Command exited with non-zero status 137 0.00,Timeout: aborting command ``../../src/branch'' with signal 9 Killed
16,0,14,pusty,2007-01-14 11:58:04,2,3,2,Command exited with non-zero status 137 0.00,Timeout: aborting command ``../../src/branch'' with signal 9 Killed
16,0,14,pusty,2007-01-14 11:58:26,3,1,2,21.71,112416067
16,0,14,pusty,2007-01-14 11:58:55,3,2,2,28.62,51737070
16,0,14,pusty,2007-01-14 11:59:24,3,3,2,28.55,51737070
16,0,15,pusty,2007-01-14 11:59:27,1,1,2,2.89,14884797
16,0,15,pusty,2007-01-14 11:59:30,1,2,2,2.71,4618190
16,0,15,pusty,2007-01-14 11:59:33,1,3,2,2.72,4618190
16,0,15,pusty,2007-01-14 11:59:33,2,1,2,0.29,1563201
16,0,15,pusty,2007-01-14 11:59:34,2,2,2,0.30,523737
16,0,15,pusty,2007-01-14 11:59:34,2,3,2,0.35,523737
16,0,15,pusty,2007-01-14 11:59:35,3,1,2,0.47,1487797
16,0,15,pusty,2007-01-14 11:59:35,3,2,2,0.46,488303
16,0,15,pusty,2007-01-14 11:59:36,3,3,2,0.50,488303
16,0,16,pusty,2007-01-14 11:59:37,1,1,2,0.76,3905865
16,0,16,pusty,2007-01-14 11:59:37,1,2,2,0.60,966555
16,0,16,pusty,2007-01-14 11:59:38,1,3,2,0.70,966555
16,0,16,pusty,2007-01-14 11:59:38,2,1,2,0.16,989962
16,0,16,pusty,2007-01-14 11:59:39,2,2,2,0.18,331252
16,0,16,pusty,2007-01-14 11:59:39,2,3,2,0.26,331252
16,0,16,pusty,2007-01-14 11:59:39,3,1,2,0.24,566118
16,0,16,pusty,2007-01-14 11:59:40,3,2,2,0.28,149360
16,0,16,pusty,2007-01-14 11:59:40,3,3,2,0.25,149360
16,0,17,pusty,2007-01-14 11:59:40,1,1,2,0.22,1342885
16,0,17,pusty,2007-01-14 11:59:41,1,2,2,0.48,739080
16,0,17,pusty,2007-01-14 11:59:42,1,3,2,0.58,739080
16,0,17,pusty,2007-01-14 11:59:42,2,1,2,0.07,475263
16,0,17,pusty,2007-01-14 11:59:42,2,2,2,0.17,276385
16,0,17,pusty,2007-01-14 11:59:42,2,3,2,0.19,276385
16,0,17,pusty,2007-01-14 11:59:43,3,1,2,0.17,139706
16,0,17,pusty,2007-01-14 11:59:43,3,2,2,0.20,78988
16,0,17,pusty,2007-01-14 11:59:43,3,3,2,0.21,78988
16,0,18,pusty,2007-01-14 11:59:46,1,1,2,2.76,14529878
16,0,18,pusty,2007-01-14 11:59:48,1,2,2,1.62,2623154
16,0,18,pusty,2007-01-14 11:59:50,1,3,2,1.87,2623154
16,0,18,pusty,2007-01-14 11:59:50,2,1,2,0.33,1830866
16,0,18,pusty,2007-01-14 11:59:50,2,2,2,0.13,228357
16,0,18,pusty,2007-01-14 11:59:51,2,3,2,0.14,228357
16,0,18,pusty,2007-01-14 11:59:51,3,1,2,0.41,1165060
16,0,18,pusty,2007-01-14 11:59:51,3,2,2,0.16,6738
16,0,18,pusty,2007-01-14 11:59:52,3,3,2,0.17,6738
16,0,19,pusty,2007-01-14 11:59:52,1,1,2,0.43,1923592
16,0,19,pusty,2007-01-14 11:59:53,1,2,2,0.39,631435
16,0,19,pusty,2007-01-14 11:59:53,1,3,2,0.48,631435
16,0,19,pusty,2007-01-14 11:59:53,2,1,2,0.06,328502
16,0,19,pusty,2007-01-14 11:59:53,2,2,2,0.11,169715
16,0,19,pusty,2007-01-14 11:59:54,2,3,2,0.12,169715
16,0,19,pusty,2007-01-14 11:59:54,3,1,2,0.22,227745
16,0,19,pusty,2007-01-14 11:59:54,3,2,2,0.30,117167
16,0,19,pusty,2007-01-14 11:59:55,3,3,2,0.28,117167
16,0,1,pusty,2007-01-14 11:43:18,1,1,2,14.39,74340306
16,0,1,pusty,2007-01-14 11:43:34,1,2,2,15.52,26573029
16,0,1,pusty,2007-01-14 11:43:50,1,3,2,15.93,26573029
16,0,1,pusty,2007-01-14 11:43:55,2,1,2,5.18,26043758
16,0,1,pusty,2007-01-14 11:44:01,2,2,2,5.97,10609321
16,0,1,pusty,2007-01-14 11:44:07,2,3,2,5.85,10609321
16,0,1,pusty,2007-01-14 11:44:08,3,1,2,0.81,3362722
16,0,1,pusty,2007-01-14 11:44:09,3,2,2,0.98,1435726
16,0,1,pusty,2007-01-14 11:44:10,3,3,2,1.00,1435726
16,0,20,pusty,2007-01-14 12:00:00,1,1,2,0.18,888310
16,0,20,pusty,2007-01-14 12:00:01,1,2,2,0.27,446829
16,0,20,pusty,2007-01-14 12:00:01,1,3,2,0.28,446829
16,0,20,pusty,2007-01-14 12:00:01,2,1,2,0.01,56869
16,0,20,pusty,2007-01-14 12:00:01,2,2,2,0.02,29357
16,0,20,pusty,2007-01-14 12:00:01,2,3,2,0.02,29357
16,0,20,pusty,2007-01-14 12:00:01,3,1,2,0.19,75491
16,0,20,pusty,2007-01-14 12:00:02,3,2,2,0.21,40366
16,0,20,pusty,2007-01-14 12:00:02,3,3,2,0.20,40366
16,0,2,pusty,2007-01-14 11:59:56,1,1,2,0.79,3818012
16,0,2,pusty,2007-01-14 11:59:57,1,2,2,1.45,2361036
16,0,2,pusty,2007-01-14 11:59:59,1,3,2,1.53,2361036
16,0,2,pusty,2007-01-14 11:59:59,2,1,2,0.06,285723
16,0,2,pusty,2007-01-14 11:59:59,2,2,2,0.11,194882
16,0,2,pusty,2007-01-14 11:59:59,2,3,2,0.11,194882
16,0,2,pusty,2007-01-14 11:59:59,3,1,2,0.19,66361
16,0,2,pusty,2007-01-14 12:00:00,3,2,2,0.20,43884
16,0,2,pusty,2007-01-14 12:00:00,3,3,2,0.21,43884
16,0,3,pusty,2007-01-14 12:00:06,1,1,2,3.96,20320651
16,0,3,pusty,2007-01-14 12:00:12,1,2,2,5.73,9663060
16,0,3,pusty,2007-01-14 12:00:18,1,3,2,5.90,9663060
16,0,3,pusty,2007-01-14 12:00:18,2,1,2,0.05,345983
16,0,3,pusty,2007-01-14 12:00:18,2,2,2,0.09,194698
16,0,3,pusty,2007-01-14 12:00:18,2,3,2,0.10,194698
16,0,3,pusty,2007-01-14 12:00:19,3,1,2,0.18,140773
16,0,3,pusty,2007-01-14 12:00:19,3,2,2,0.20,80107
16,0,3,pusty,2007-01-14 12:00:19,3,3,2,0.20,80107
16,0,4,pusty,2007-01-14 12:00:19,1,1,2,0.00,11864
16,0,4,pusty,2007-01-14 12:00:19,1,2,2,0.00,7532
16,0,4,pusty,2007-01-14 12:00:20,1,3,2,0.00,7532
16,0,4,pusty,2007-01-14 12:00:20,2,1,2,0.00,2547
16,0,4,pusty,2007-01-14 12:00:20,2,2,2,0.00,1698
16,0,4,pusty,2007-01-14 12:00:20,2,3,2,0.00,1698
16,0,4,pusty,2007-01-14 12:00:20,3,1,2,0.16,17
16,0,4,pusty,2007-01-14 12:00:20,3,2,2,0.16,1
16,0,4,pusty,2007-01-14 12:00:20,3,3,2,0.17,1
16,0,5,pusty,2007-01-14 12:01:21,1,1,2,Command exited with non-zero status 137 0.00,Timeout: aborting command ``../../src/branch'' with signal 9 Killed
16,0,5,pusty,2007-01-14 12:01:22,1,2,2,1.24,2219214
16,0,5,pusty,2007-01-14 12:01:23,1,3,2,1.49,2219210
16,0,5,pusty,2007-01-14 12:02:23,2,1,2,Command exited with non-zero status 137 0.00,Timeout: aborting command ``../../src/branch'' with signal 9 Killed
16,0,5,pusty,2007-01-14 12:02:24,2,2,2,0.00,43
16,0,5,pusty,2007-01-14 12:02:24,2,3,2,0.00,28
16,0,5,pusty,2007-01-14 12:03:24,3,1,2,Command exited with non-zero status 137 0.00,Timeout: aborting command ``../../src/branch'' with signal 9 Killed
16,0,5,pusty,2007-01-14 12:03:24,3,2,2,0.14,17
16,0,5,pusty,2007-01-14 12:03:24,3,3,2,0.15,1
16,0,6,pusty,2007-01-14 12:03:29,1,1,2,4.32,22434353
16,0,6,pusty,2007-01-14 12:03:36,1,2,2,6.87,11330356
16,0,6,pusty,2007-01-14 12:03:43,1,3,2,7.44,11330356
16,0,6,pusty,2007-01-14 12:03:44,2,1,2,0.36,1873219
16,0,6,pusty,2007-01-14 12:03:45,2,2,2,0.74,1159446
16,0,6,pusty,2007-01-14 12:03:45,2,3,2,0.77,1159446
16,0,6,pusty,2007-01-14 12:03:46,3,1,2,0.24,338451
16,0,6,pusty,2007-01-14 12:03:46,3,2,2,0.31,213573
16,0,6,pusty,2007-01-14 12:03:46,3,3,2,0.31,213573
16,0,7,pusty,2007-01-14 12:03:49,1,1,2,2.52,13029768
16,0,7,pusty,2007-01-14 12:03:52,1,2,2,3.24,5108249
16,0,7,pusty,2007-01-14 12:03:56,1,3,2,3.65,5108249
16,0,7,pusty,2007-01-14 12:03:57,2,1,2,0.64,3475733
16,0,7,pusty,2007-01-14 12:03:58,2,2,2,1.29,2075336
16,0,7,pusty,2007-01-14 12:04:00,2,3,2,1.40,2075336
16,0,7,pusty,2007-01-14 12:04:00,3,1,2,0.42,1483422
16,0,7,pusty,2007-01-14 12:04:01,3,2,2,0.69,869791
16,0,7,pusty,2007-01-14 12:04:02,3,3,2,0.81,869791
16,0,8,pusty,2007-01-14 12:04:17,1,1,2,14.92,76872604
16,0,8,pusty,2007-01-14 12:04:38,1,2,2,20.90,36093296
16,0,8,pusty,2007-01-14 12:05:02,1,3,2,22.98,36093296
16,0,8,pusty,2007-01-14 12:05:03,2,1,2,1.28,6626905
16,0,8,pusty,2007-01-14 12:05:05,2,2,2,1.48,2699723
16,0,8,pusty,2007-01-14 12:05:06,2,3,2,1.58,2699723
16,0,8,pusty,2007-01-14 12:05:07,3,1,2,0.51,1845339
16,0,8,pusty,2007-01-14 12:05:08,3,2,2,0.68,938132
16,0,8,pusty,2007-01-14 12:05:08,3,3,2,0.71,938132
16,0,9,pusty,2007-01-14 12:05:10,1,1,2,0.95,5041382
16,0,9,pusty,2007-01-14 12:05:11,1,2,2,1.11,2053255
16,0,9,pusty,2007-01-14 12:05:12,1,3,2,1.15,2053255
16,0,9,pusty,2007-01-14 12:05:12,2,1,2,0.02,152079
16,0,9,pusty,2007-01-14 12:05:12,2,2,2,0.04,69364
16,0,9,pusty,2007-01-14 12:05:12,2,3,2,0.04,69364
16,0,9,pusty,2007-01-14 12:05:12,3,1,2,0.18,17
16,0,9,pusty,2007-01-14 12:05:13,3,2,2,0.16,1
16,0,9,pusty,2007-01-14 12:05:13,3,3,2,0.18,1
16,1,10,pusty,2007-01-14 12:06:38,1,1,2,30.71,158264170
16,1,10,pusty,2007-01-14 12:07:38,1,2,2,Command exited with non-zero status 137 0.00,Timeout: aborting command ``../../src/branch'' with signal 9 Killed
16,1,10,pusty,2007-01-14 12:08:38,1,3,2,Command exited with non-zero status 137 0.00,Timeout: aborting command ``../../src/branch'' with signal 9 Killed
16,1,10,pusty,2007-01-14 12:08:39,2,1,2,0.40,2177295
16,1,10,pusty,2007-01-14 12:08:40,2,2,2,0.93,1595444
16,1,10,pusty,2007-01-14 12:08:41,2,3,2,0.94,1581917
16,1,10,pusty,2007-01-14 12:08:41,3,1,2,0.49,1710596
16,1,10,pusty,2007-01-14 12:08:42,3,2,2,0.88,1246851
16,1,10,pusty,2007-01-14 12:08:43,3,3,2,0.94,1233485
16,1,11,pusty,2007-01-14 12:08:46,1,1,2,2.42,11824732
16,1,11,pusty,2007-01-14 12:08:50,1,2,2,3.75,5976029
16,1,11,pusty,2007-01-14 12:08:54,1,3,2,3.56,4478363
16,1,11,pusty,2007-01-14 12:08:54,2,1,2,0.48,2525044
16,1,11,pusty,2007-01-14 12:08:55,2,2,2,0.65,1141833
16,1,11,pusty,2007-01-14 12:08:56,2,3,2,0.67,777121
16,1,11,pusty,2007-01-14 12:08:56,3,1,2,0.39,1170620
16,1,11,pusty,2007-01-14 12:08:57,3,2,2,0.50,547413
16,1,11,pusty,2007-01-14 12:08:57,3,3,2,0.47,381272
16,1,12,pusty,2007-01-14 12:08:58,1,1,2,0.67,3281688
16,1,12,pusty,2007-01-14 12:08:59,1,2,2,1.25,1923933
16,1,12,pusty,2007-01-14 12:09:01,1,3,2,1.46,1800025
16,1,12,pusty,2007-01-14 12:09:01,2,1,2,0.06,282862
16,1,12,pusty,2007-01-14 12:09:01,2,2,2,0.11,180675
16,1,12,pusty,2007-01-14 12:09:01,2,3,2,0.13,169113
16,1,12,pusty,2007-01-14 12:09:02,3,1,2,0.21,71798
16,1,12,pusty,2007-01-14 12:09:02,3,2,2,0.22,44749
16,1,12,pusty,2007-01-14 12:09:02,3,3,2,0.22,36665
16,1,13,pusty,2007-01-14 12:10:02,1,1,2,Command exited with non-zero status 137 0.00,Timeout: aborting command ``../../src/branch'' with signal 9 Killed
16,1,13,pusty,2007-01-14 12:11:02,1,2,2,Command exited with non-zero status 137 0.00,Timeout: aborting command ``../../src/branch'' with signal 9 Killed
16,1,13,pusty,2007-01-14 12:12:03,1,3,2,Command exited with non-zero status 137 0.00,Timeout: aborting command ``../../src/branch'' with signal 9 Killed
16,1,13,pusty,2007-01-14 12:12:05,2,1,2,2.28,11832597
16,1,13,pusty,2007-01-14 12:12:07,2,2,2,1.60,2731137
16,1,13,pusty,2007-01-14 12:12:08,2,3,2,1.76,2731137
16,1,13,pusty,2007-01-14 12:12:10,3,1,2,1.58,7049608
16,1,13,pusty,2007-01-14 12:12:11,3,2,2,0.96,1263665
16,1,13,pusty,2007-01-14 12:12:12,3,3,2,1.04,1263665
16,1,14,pusty,2007-01-14 12:12:12,1,1,2,0.01,50609
16,1,14,pusty,2007-01-14 12:12:12,1,2,2,0.01,19892
16,1,14,pusty,2007-01-14 12:12:13,1,3,2,0.01,19720
16,1,14,pusty,2007-01-14 12:12:13,2,1,2,0.00,466
16,1,14,pusty,2007-01-14 12:12:13,2,2,2,0.00,410
16,1,14,pusty,2007-01-14 12:12:13,2,3,2,0.00,334
16,1,14,pusty,2007-01-14 12:12:13,3,1,2,0.17,145
16,1,14,pusty,2007-01-14 12:12:13,3,2,2,0.17,145
16,1,14,pusty,2007-01-14 12:12:13,3,3,2,0.18,85
16,1,15,pusty,2007-01-14 12:12:16,1,1,2,2.79,13448084
16,1,15,pusty,2007-01-14 12:12:20,1,2,2,3.22,5150632
16,1,15,pusty,2007-01-14 12:12:23,1,3,2,3.32,4145961
16,1,15,pusty,2007-01-14 12:12:23,2,1,2,0.36,1935259
16,1,15,pusty,2007-01-14 12:12:24,2,2,2,0.62,957426
16,1,15,pusty,2007-01-14 12:12:25,2,3,2,0.58,840208
16,1,15,pusty,2007-01-14 12:12:25,3,1,2,0.24,429233
16,1,15,pusty,2007-01-14 12:12:26,3,2,2,0.29,209183
16,1,15,pusty,2007-01-14 12:12:26,3,3,2,0.36,191724
16,1,16,pusty,2007-01-14 12:12:27,1,1,2,1.00,5059438
16,1,16,pusty,2007-01-14 12:12:28,1,2,2,1.20,1828512
16,1,16,pusty,2007-01-14 12:12:30,1,3,2,1.20,1469119
16,1,16,pusty,2007-01-14 12:12:30,2,1,2,0.11,635192
16,1,16,pusty,2007-01-14 12:12:30,2,2,2,0.10,199267
16,1,16,pusty,2007-01-14 12:12:30,2,3,2,0.10,165434
16,1,16,pusty,2007-01-14 12:12:30,3,1,2,0.24,208541
16,1,16,pusty,2007-01-14 12:12:31,3,2,2,0.18,67605
16,1,16,pusty,2007-01-14 12:12:31,3,3,2,0.20,60870
16,1,17,pusty,2007-01-14 12:12:31,1,1,2,0.24,1243120
16,1,17,pusty,2007-01-14 12:12:32,1,2,2,0.48,742576
16,1,17,pusty,2007-01-14 12:12:33,1,3,2,0.50,571633
16,1,17,pusty,2007-01-14 12:12:33,2,1,2,0.14,940041
16,1,17,pusty,2007-01-14 12:12:33,2,2,2,0.32,589876
16,1,17,pusty,2007-01-14 12:12:34,2,3,2,0.36,444821
16,1,17,pusty,2007-01-14 12:12:34,3,1,2,0.18,162224
16,1,17,pusty,2007-01-14 12:12:34,3,2,2,0.24,93681
16,1,17,pusty,2007-01-14 12:12:35,3,3,2,0.21,74117
16,1,18,pusty,2007-01-14 12:12:35,1,1,2,0.31,1393706
16,1,18,pusty,2007-01-14 12:12:36,1,2,2,0.56,930876
16,1,18,pusty,2007-01-14 12:12:36,1,3,2,0.54,730205
16,1,18,pusty,2007-01-14 12:12:36,2,1,2,0.05,258292
16,1,18,pusty,2007-01-14 12:12:37,2,2,2,0.10,187062
16,1,18,pusty,2007-01-14 12:12:37,2,3,2,0.11,148213
16,1,18,pusty,2007-01-14 12:12:37,3,1,2,0.19,27991
16,1,18,pusty,2007-01-14 12:12:37,3,2,2,0.18,19715
16,1,18,pusty,2007-01-14 12:12:37,3,3,2,0.18,17611
16,1,19,pusty,2007-01-14 12:12:39,1,1,2,1.33,6946362
16,1,19,pusty,2007-01-14 12:12:39,1,2,2,0.03,53017
16,1,19,pusty,2007-01-14 12:12:39,1,3,2,0.02,52097
16,1,19,pusty,2007-01-14 12:12:40,2,1,2,0.59,3274137
16,1,19,pusty,2007-01-14 12:12:40,2,2,2,0.10,159533
16,1,19,pusty,2007-01-14 12:12:40,2,3,2,0.09,158830
16,1,19,pusty,2007-01-14 12:12:41,3,1,2,0.33,772155
16,1,19,pusty,2007-01-14 12:12:41,3,2,2,0.19,18243
16,1,19,pusty,2007-01-14 12:12:41,3,3,2,0.18,17548
16,1,1,pusty,2007-01-14 12:05:27,1,1,2,13.49,67330590
16,1,1,pusty,2007-01-14 12:05:42,1,2,2,15.43,23478765
16,1,1,pusty,2007-01-14 12:05:57,1,3,2,14.24,17873110
16,1,1,pusty,2007-01-14 12:05:59,2,1,2,1.76,8712578
16,1,1,pusty,2007-01-14 12:06:01,2,2,2,2.50,3939914
16,1,1,pusty,2007-01-14 12:06:04,2,3,2,2.27,2731396
16,1,1,pusty,2007-01-14 12:06:05,3,1,2,0.94,3801784
16,1,1,pusty,2007-01-14 12:06:06,3,2,2,1.20,1605140
16,1,1,pusty,2007-01-14 12:06:07,3,3,2,1.14,1121930
16,1,20,pusty,2007-01-14 12:13:39,1,1,2,4.54,23570795
16,1,20,pusty,2007-01-14 12:13:43,1,2,2,3.29,5752821
16,1,20,pusty,2007-01-14 12:13:46,1,3,2,3.43,5752821
16,1,20,pusty,2007-01-14 12:13:47,2,1,2,0.27,1493856
16,1,20,pusty,2007-01-14 12:13:47,2,2,2,0.22,380867
16,1,20,pusty,2007-01-14 12:13:47,2,3,2,0.22,380867
16,1,20,pusty,2007-01-14 12:13:48,3,1,2,0.34,774473
16,1,20,pusty,2007-01-14 12:13:48,3,2,2,0.26,156614
16,1,20,pusty,2007-01-14 12:13:48,3,3,2,0.26,156614
16,1,2,pusty,2007-01-14 12:12:58,1,1,2,16.86,86011237
16,1,2,pusty,2007-01-14 12:13:05,1,2,2,7.07,12235011
16,1,2,pusty,2007-01-14 12:13:13,1,3,2,7.48,12235011
16,1,2,pusty,2007-01-14 12:13:25,2,1,2,11.76,60454295
16,1,2,pusty,2007-01-14 12:13:29,2,2,2,3.91,6188100
16,1,2,pusty,2007-01-14 12:13:33,2,3,2,4.18,6188100
16,1,2,pusty,2007-01-14 12:13:34,3,1,2,0.56,1974096
16,1,2,pusty,2007-01-14 12:13:34,3,2,2,0.18,66900
16,1,2,pusty,2007-01-14 12:13:35,3,3,2,0.26,66900
16,1,3,pusty,2007-01-14 12:13:49,1,1,2,0.26,1230262
16,1,3,pusty,2007-01-14 12:13:49,1,2,2,0.38,635057
16,1,3,pusty,2007-01-14 12:13:50,1,3,2,0.40,622538
16,1,3,pusty,2007-01-14 12:13:50,2,1,2,0.08,439326
16,1,3,pusty,2007-01-14 12:13:50,2,2,2,0.14,240813
16,1,3,pusty,2007-01-14 12:13:50,2,3,2,0.14,230759
16,1,3,pusty,2007-01-14 12:13:50,3,1,2,0.19,54067
16,1,3,pusty,2007-01-14 12:13:51,3,2,2,0.20,31229
16,1,3,pusty,2007-01-14 12:13:51,3,3,2,0.22,24647
16,1,4,pusty,2007-01-14 12:14:51,1,1,2,Command exited with non-zero status 137 0.00,Timeout: aborting command ``../../src/branch'' with signal 9 Killed
16,1,4,pusty,2007-01-14 12:15:51,1,2,2,Command exited with non-zero status 137 0.00,Timeout: aborting command ``../../src/branch'' with signal 9 Killed
16,1,4,pusty,2007-01-14 12:16:51,1,3,2,Command exited with non-zero status 137 0.00,Timeout: aborting command ``../../src/branch'' with signal 9 Killed
16,1,4,pusty,2007-01-14 12:17:01,2,1,2,9.29,48126253
16,1,4,pusty,2007-01-14 12:17:10,2,2,2,9.36,16945846
16,1,4,pusty,2007-01-14 12:17:20,2,3,2,9.41,16945809
16,1,4,pusty,2007-01-14 12:17:22,3,1,2,2.27,11116114
16,1,4,pusty,2007-01-14 12:17:25,3,2,2,2.06,3441673
16,1,4,pusty,2007-01-14 12:17:27,3,3,2,2.12,3441659
16,1,5,pusty,2007-01-14 12:17:29,1,1,2,2.31,11810584
16,1,5,pusty,2007-01-14 12:17:31,1,2,2,1.82,2901105
16,1,5,pusty,2007-01-14 12:17:33,1,3,2,2.11,2901105
16,1,5,pusty,2007-01-14 12:17:33,2,1,2,0.07,408033
16,1,5,pusty,2007-01-14 12:17:33,2,2,2,0.03,63642
16,1,5,pusty,2007-01-14 12:17:34,2,3,2,0.05,63642
16,1,5,pusty,2007-01-14 12:17:34,3,1,2,0.19,82836
16,1,5,pusty,2007-01-14 12:17:34,3,2,2,0.18,5699
16,1,5,pusty,2007-01-14 12:17:34,3,3,2,0.18,5699
16,1,6,pusty,2007-01-14 12:17:35,1,1,2,0.31,1606635
16,1,6,pusty,2007-01-14 12:17:35,1,2,2,0.53,711187
16,1,6,pusty,2007-01-14 12:17:36,1,3,2,0.51,586516
16,1,6,pusty,2007-01-14 12:17:36,2,1,2,0.03,177216
16,1,6,pusty,2007-01-14 12:17:36,2,2,2,0.05,87725
16,1,6,pusty,2007-01-14 12:17:36,2,3,2,0.06,74740
16,1,6,pusty,2007-01-14 12:17:36,3,1,2,0.20,98257
16,1,6,pusty,2007-01-14 12:17:37,3,2,2,0.22,45426
16,1,6,pusty,2007-01-14 12:17:37,3,3,2,0.22,36186
16,1,7,pusty,2007-01-14 12:17:38,1,1,2,1.08,5187859
16,1,7,pusty,2007-01-14 12:17:39,1,2,2,0.97,1489678
16,1,7,pusty,2007-01-14 12:17:40,1,3,2,0.97,1243502
16,1,7,pusty,2007-01-14 12:17:41,2,1,2,0.23,1166921
16,1,7,pusty,2007-01-14 12:17:41,2,2,2,0.18,309088
16,1,7,pusty,2007-01-14 12:17:41,2,3,2,0.19,261554
16,1,7,pusty,2007-01-14 12:17:41,3,1,2,0.19,74995
16,1,7,pusty,2007-01-14 12:17:42,3,2,2,0.19,17805
16,1,7,pusty,2007-01-14 12:17:42,3,3,2,0.20,17073
16,1,8,pusty,2007-01-14 12:17:43,1,1,2,1.34,6890572
16,1,8,pusty,2007-01-14 12:17:46,1,2,2,2.36,3973447
16,1,8,pusty,2007-01-14 12:17:48,1,3,2,2.61,3969742
16,1,8,pusty,2007-01-14 12:17:49,2,1,2,0.47,2415704
16,1,8,pusty,2007-01-14 12:17:50,2,2,2,0.74,1294227
16,1,8,pusty,2007-01-14 12:17:51,2,3,2,0.83,1290888
16,1,8,pusty,2007-01-14 12:17:51,3,1,2,0.29,510037
16,1,8,pusty,2007-01-14 12:17:51,3,2,2,0.34,308986
16,1,8,pusty,2007-01-14 12:17:52,3,3,2,0.37,306604
16,1,9,pusty,2007-01-14 12:18:52,1,1,2,Command exited with non-zero status 137 0.00,Timeout: aborting command ``../../src/branch'' with signal 9 Killed
16,1,9,pusty,2007-01-14 12:18:52,1,2,2,0.00,18081
16,1,9,pusty,2007-01-14 12:18:52,1,3,2,0.00,18066
16,1,9,pusty,2007-01-14 12:19:25,2,1,2,32.73,170292539
16,1,9,pusty,2007-01-14 12:19:26,2,2,2,0.18,395574
16,1,9,pusty,2007-01-14 12:19:26,2,3,2,0.23,395559
16,1,9,pusty,2007-01-14 12:19:57,3,1,2,30.96,159310014
16,1,9,pusty,2007-01-14 12:19:57,3,2,2,0.16,61
16,1,9,pusty,2007-01-14 12:19:58,3,3,2,0.18,46
16,2,10,pusty,2007-01-14 12:20:29,1,1,2,8.63,42413553
16,2,10,pusty,2007-01-14 12:20:43,1,2,2,13.56,19809468
16,2,10,pusty,2007-01-14 12:20:57,1,3,2,13.66,17715232
16,2,10,pusty,2007-01-14 12:21:02,2,1,2,4.53,22536598
16,2,10,pusty,2007-01-14 12:21:09,2,2,2,7.18,11274887
16,2,10,pusty,2007-01-14 12:21:17,2,3,2,7.76,10093446
16,2,10,pusty,2007-01-14 12:21:21,3,1,2,4.02,18804124
16,2,10,pusty,2007-01-14 12:21:28,3,2,2,6.18,9217189
16,2,10,pusty,2007-01-14 12:21:34,3,3,2,6.69,8122531
16,2,11,pusty,2007-01-14 12:21:35,1,1,2,0.54,2482277
16,2,11,pusty,2007-01-14 12:21:36,1,2,2,0.48,720686
16,2,11,pusty,2007-01-14 12:21:36,1,3,2,0.48,532634
16,2,11,pusty,2007-01-14 12:21:37,2,1,2,0.24,1161895
16,2,11,pusty,2007-01-14 12:21:37,2,2,2,0.30,505662
16,2,11,pusty,2007-01-14 12:21:37,2,3,2,0.37,365235
16,2,11,pusty,2007-01-14 12:21:38,3,1,2,0.22,307848
16,2,11,pusty,2007-01-14 12:21:38,3,2,2,0.23,124762
16,2,11,pusty,2007-01-14 12:21:38,3,3,2,0.24,90961
16,2,12,pusty,2007-01-14 12:21:38,1,1,2,0.06,373873
16,2,12,pusty,2007-01-14 12:21:39,1,2,2,0.14,270322
16,2,12,pusty,2007-01-14 12:21:39,1,3,2,0.13,226773
16,2,12,pusty,2007-01-14 12:21:39,2,1,2,0.12,671729
16,2,12,pusty,2007-01-14 12:21:40,2,2,2,0.30,521073
16,2,12,pusty,2007-01-14 12:21:40,2,3,2,0.27,387130
16,2,12,pusty,2007-01-14 12:21:40,3,1,2,0.24,234527
16,2,12,pusty,2007-01-14 12:21:41,3,2,2,0.28,180320
16,2,12,pusty,2007-01-14 12:21:41,3,3,2,0.28,128787
16,2,13,pusty,2007-01-14 12:21:41,1,1,2,0.21,1068540
16,2,13,pusty,2007-01-14 12:21:42,1,2,2,0.31,561646
16,2,13,pusty,2007-01-14 12:21:42,1,3,2,0.37,560104
16,2,13,pusty,2007-01-14 12:21:42,2,1,2,0.21,1211316
16,2,13,pusty,2007-01-14 12:21:43,2,2,2,0.43,695001
16,2,13,pusty,2007-01-14 12:21:43,2,3,2,0.43,693322
16,2,13,pusty,2007-01-14 12:21:44,3,1,2,0.26,396574
16,2,13,pusty,2007-01-14 12:21:44,3,2,2,0.30,205568
16,2,13,pusty,2007-01-14 12:21:45,3,3,2,0.34,204193
16,2,14,pusty,2007-01-14 12:21:48,1,1,2,3.30,16900277
16,2,14,pusty,2007-01-14 12:21:49,1,2,2,0.35,566549
16,2,14,pusty,2007-01-14 12:21:49,1,3,2,0.43,560153
16,2,14,pusty,2007-01-14 12:21:50,2,1,2,0.50,2063919
16,2,14,pusty,2007-01-14 12:21:50,2,2,2,0.05,90343
16,2,14,pusty,2007-01-14 12:21:50,2,3,2,0.06,88559
16,2,14,pusty,2007-01-14 12:21:50,3,1,2,0.25,278845
16,2,14,pusty,2007-01-14 12:21:50,3,2,2,0.19,5825
16,2,14,pusty,2007-01-14 12:21:51,3,3,2,0.21,5716
16,2,15,pusty,2007-01-14 12:21:51,1,1,2,0.30,1551777
16,2,15,pusty,2007-01-14 12:21:52,1,2,2,0.29,466436
16,2,15,pusty,2007-01-14 12:21:52,1,3,2,0.31,442227
16,2,15,pusty,2007-01-14 12:21:52,2,1,2,0.26,1396646
16,2,15,pusty,2007-01-14 12:21:53,2,2,2,0.36,569983
16,2,15,pusty,2007-01-14 12:21:53,2,3,2,0.40,524635
16,2,15,pusty,2007-01-14 12:21:53,3,1,2,0.20,92438
16,2,15,pusty,2007-01-14 12:21:54,3,2,2,0.22,36671
16,2,15,pusty,2007-01-14 12:21:54,3,3,2,0.24,27169
16,2,16,pusty,2007-01-14 12:21:55,1,1,2,0.58,2927750
16,2,16,pusty,2007-01-14 12:21:56,1,2,2,1.06,1597047
16,2,16,pusty,2007-01-14 12:21:57,1,3,2,1.18,1355934
16,2,16,pusty,2007-01-14 12:21:57,2,1,2,0.10,511125
16,2,16,pusty,2007-01-14 12:21:57,2,2,2,0.17,270137
16,2,16,pusty,2007-01-14 12:21:58,2,3,2,0.18,251133
16,2,16,pusty,2007-01-14 12:21:58,3,1,2,0.22,150534
16,2,16,pusty,2007-01-14 12:21:58,3,2,2,0.22,85944
16,2,16,pusty,2007-01-14 12:21:59,3,3,2,0.23,83270
16,2,17,pusty,2007-01-14 12:22:00,1,1,2,1.37,6940110
16,2,17,pusty,2007-01-14 12:22:03,1,2,2,2.56,4154449
16,2,17,pusty,2007-01-14 12:22:06,1,3,2,2.81,4154139
16,2,17,pusty,2007-01-14 12:22:06,2,1,2,0.18,1113743
16,2,17,pusty,2007-01-14 12:22:06,2,2,2,0.42,672525
16,2,17,pusty,2007-01-14 12:22:07,2,3,2,0.36,672464
16,2,17,pusty,2007-01-14 12:22:07,3,1,2,0.17,131718
16,2,17,pusty,2007-01-14 12:22:07,3,2,2,0.27,74391
16,2,17,pusty,2007-01-14 12:22:08,3,3,2,0.20,74341
16,2,18,pusty,2007-01-14 12:22:08,1,1,2,0.24,1303917
16,2,18,pusty,2007-01-14 12:22:09,1,2,2,0.51,817630
16,2,18,pusty,2007-01-14 12:22:09,1,3,2,0.53,637497
16,2,18,pusty,2007-01-14 12:22:09,2,1,2,0.07,535449
16,2,18,pusty,2007-01-14 12:22:10,2,2,2,0.24,361390
16,2,18,pusty,2007-01-14 12:22:10,2,3,2,0.20,291912
16,2,18,pusty,2007-01-14 12:22:10,3,1,2,0.20,327407
16,2,18,pusty,2007-01-14 12:22:11,3,2,2,0.30,224504
16,2,18,pusty,2007-01-14 12:22:11,3,3,2,0.31,184726
16,2,19,pusty,2007-01-14 12:22:14,1,1,2,2.30,11348551
16,2,19,pusty,2007-01-14 12:22:16,1,2,2,2.04,3145852
16,2,19,pusty,2007-01-14 12:22:18,1,3,2,2.14,2464950
16,2,19,pusty,2007-01-14 12:22:19,2,1,2,0.68,3502548
16,2,19,pusty,2007-01-14 12:22:19,2,2,2,0.41,676316
16,2,19,pusty,2007-01-14 12:22:20,2,3,2,0.40,515437
16,2,19,pusty,2007-01-14 12:22:20,3,1,2,0.40,1105391
16,2,19,pusty,2007-01-14 12:22:21,3,2,2,0.35,230321
16,2,19,pusty,2007-01-14 12:22:21,3,3,2,0.35,183206
16,2,1,pusty,2007-01-14 12:20:04,1,1,2,6.54,33560887
16,2,1,pusty,2007-01-14 12:20:08,1,2,2,3.36,5409495
16,2,1,pusty,2007-01-14 12:20:12,1,3,2,3.77,5224825
16,2,1,pusty,2007-01-14 12:20:14,2,1,2,2.19,11285366
16,2,1,pusty,2007-01-14 12:20:15,2,2,2,1.33,2111235
16,2,1,pusty,2007-01-14 12:20:17,2,3,2,1.47,2016183
16,2,1,pusty,2007-01-14 12:20:18,3,1,2,1.44,6307354
16,2,1,pusty,2007-01-14 12:20:19,3,2,2,0.93,1179592
16,2,1,pusty,2007-01-14 12:20:21,3,3,2,1.02,1087083
16,2,20,pusty,2007-01-14 12:22:25,1,1,2,0.82,4256190
16,2,20,pusty,2007-01-14 12:22:26,1,2,2,1.66,2503941
16,2,20,pusty,2007-01-14 12:22:28,1,3,2,1.92,2425582
16,2,20,pusty,2007-01-14 12:22:28,2,1,2,0.07,374977
16,2,20,pusty,2007-01-14 12:22:29,2,2,2,0.14,220883
16,2,20,pusty,2007-01-14 12:22:29,2,3,2,0.17,200198
16,2,20,pusty,2007-01-14 12:22:29,3,1,2,0.21,117567
16,2,20,pusty,2007-01-14 12:22:29,3,2,2,0.25,65078
16,2,20,pusty,2007-01-14 12:22:30,3,3,2,0.24,57579
16,2,2,pusty,2007-01-14 12:22:21,1,1,2,0.24,1202426
16,2,2,pusty,2007-01-14 12:22:22,1,2,2,0.44,563076
16,2,2,pusty,2007-01-14 12:22:22,1,3,2,0.36,382085
16,2,2,pusty,2007-01-14 12:22:22,2,1,2,0.05,277361
16,2,2,pusty,2007-01-14 12:22:23,2,2,2,0.08,123881
16,2,2,pusty,2007-01-14 12:22:23,2,3,2,0.08,91705
16,2,2,pusty,2007-01-14 12:22:23,3,1,2,0.23,208183
16,2,2,pusty,2007-01-14 12:22:23,3,2,2,0.27,92425
16,2,2,pusty,2007-01-14 12:22:24,3,3,2,0.25,70401
16,2,3,pusty,2007-01-14 12:22:32,1,1,2,1.89,9331987
16,2,3,pusty,2007-01-14 12:22:34,1,2,2,2.26,3432914
16,2,3,pusty,2007-01-14 12:22:37,1,3,2,2.68,3149517
16,2,3,pusty,2007-01-14 12:22:37,2,1,2,0.54,2665914
16,2,3,pusty,2007-01-14 12:22:38,2,2,2,0.59,863546
16,2,3,pusty,2007-01-14 12:22:39,2,3,2,0.67,747164
16,2,3,pusty,2007-01-14 12:22:39,3,1,2,0.24,423583
16,2,3,pusty,2007-01-14 12:22:39,3,2,2,0.27,115935
16,2,3,pusty,2007-01-14 12:22:40,3,3,2,0.29,92816
16,2,4,pusty,2007-01-14 12:22:41,1,1,2,1.54,7481892
16,2,4,pusty,2007-01-14 12:22:43,1,2,2,1.73,2824527
16,2,4,pusty,2007-01-14 12:22:45,1,3,2,1.76,2268815
16,2,4,pusty,2007-01-14 12:22:46,2,1,2,0.45,2388811
16,2,4,pusty,2007-01-14 12:22:46,2,2,2,0.45,810933
16,2,4,pusty,2007-01-14 12:22:47,2,3,2,0.44,634782
16,2,4,pusty,2007-01-14 12:22:47,3,1,2,0.46,1350648
16,2,4,pusty,2007-01-14 12:22:48,3,2,2,0.39,369503
16,2,4,pusty,2007-01-14 12:22:48,3,3,2,0.44,317167
16,2,5,pusty,2007-01-14 12:22:52,1,1,2,3.23,15540971
16,2,5,pusty,2007-01-14 12:22:56,1,2,2,4.22,6307581
16,2,5,pusty,2007-01-14 12:23:00,1,3,2,4.09,4538294
16,2,5,pusty,2007-01-14 12:23:01,2,1,2,0.49,2392681
16,2,5,pusty,2007-01-14 12:23:02,2,2,2,0.64,1069850
16,2,5,pusty,2007-01-14 12:23:02,2,3,2,0.57,695297
16,2,5,pusty,2007-01-14 12:23:03,3,1,2,0.39,773890
16,2,5,pusty,2007-01-14 12:23:03,3,2,2,0.39,348630
16,2,5,pusty,2007-01-14 12:23:04,3,3,2,0.37,230860
16,2,6,pusty,2007-01-14 12:23:08,1,1,2,4.20,20716844
16,2,6,pusty,2007-01-14 12:23:15,1,2,2,6.60,9891363
16,2,6,pusty,2007-01-14 12:23:21,1,3,2,6.42,7590499
16,2,6,pusty,2007-01-14 12:23:22,2,1,2,0.57,2971704
16,2,6,pusty,2007-01-14 12:23:23,2,2,2,0.93,1490329
16,2,6,pusty,2007-01-14 12:23:24,2,3,2,0.96,1198738
16,2,6,pusty,2007-01-14 12:23:25,3,1,2,0.34,912093
16,2,6,pusty,2007-01-14 12:23:25,3,2,2,0.44,431574
16,2,6,pusty,2007-01-14 12:23:26,3,3,2,0.50,364108
16,2,7,pusty,2007-01-14 12:23:26,1,1,2,0.55,2828253
16,2,7,pusty,2007-01-14 12:23:27,1,2,2,1.06,1606936
16,2,7,pusty,2007-01-14 12:23:29,1,3,2,1.26,1393340
16,2,7,pusty,2007-01-14 12:23:29,2,1,2,0.04,219993
16,2,7,pusty,2007-01-14 12:23:29,2,2,2,0.08,122735
16,2,7,pusty,2007-01-14 12:23:29,2,3,2,0.09,112417
16,2,7,pusty,2007-01-14 12:23:29,3,1,2,0.26,418333
16,2,7,pusty,2007-01-14 12:23:30,3,2,2,0.34,235275
16,2,7,pusty,2007-01-14 12:23:30,3,3,2,0.38,215473
16,2,8,pusty,2007-01-14 12:23:30,1,1,2,0.05,247673
16,2,8,pusty,2007-01-14 12:23:31,1,2,2,0.09,162658
16,2,8,pusty,2007-01-14 12:23:31,1,3,2,0.10,162633
16,2,8,pusty,2007-01-14 12:23:31,2,1,2,0.10,503144
16,2,8,pusty,2007-01-14 12:23:31,2,2,2,0.17,322152
16,2,8,pusty,2007-01-14 12:23:31,2,3,2,0.18,322133
16,2,8,pusty,2007-01-14 12:23:32,3,1,2,0.18,17
16,2,8,pusty,2007-01-14 12:23:32,3,2,2,0.18,17
16,2,8,pusty,2007-01-14 12:23:32,3,3,2,0.18,1
16,2,9,pusty,2007-01-14 12:23:38,1,1,2,5.88,29740114
16,2,9,pusty,2007-01-14 12:23:48,1,2,2,9.27,15809028
16,2,9,pusty,2007-01-14 12:23:57,1,3,2,9.40,15808567
16,2,9,pusty,2007-01-14 12:23:58,2,1,2,0.53,2860427
16,2,9,pusty,2007-01-14 12:23:59,2,2,2,0.92,1465237
16,2,9,pusty,2007-01-14 12:24:00,2,3,2,0.91,1464676
16,2,9,pusty,2007-01-14 12:24:00,3,1,2,0.28,441960
16,2,9,pusty,2007-01-14 12:24:00,3,2,2,0.33,207038
16,2,9,pusty,2007-01-14 12:24:01,3,3,2,0.33,206615
16,3,10,pusty,2007-01-14 12:24:05,1,1,2,1.40,7056317
16,3,10,pusty,2007-01-14 12:24:07,1,2,2,1.56,2620280
16,3,10,pusty,2007-01-14 12:24:09,1,3,2,1.54,2567518
16,3,10,pusty,2007-01-14 12:24:09,2,1,2,0.10,499735
16,3,10,pusty,2007-01-14 12:24:09,2,2,2,0.08,134696
16,3,10,pusty,2007-01-14 12:24:09,2,3,2,0.07,118888
16,3,10,pusty,2007-01-14 12:24:09,3,1,2,0.21,218225
16,3,10,pusty,2007-01-14 12:24:10,3,2,2,0.21,53396
16,3,10,pusty,2007-01-14 12:24:10,3,3,2,0.21,39167
16,3,11,pusty,2007-01-14 12:24:10,1,1,2,0.39,1881327
16,3,11,pusty,2007-01-14 12:24:11,1,2,2,0.10,176428
16,3,11,pusty,2007-01-14 12:24:11,1,3,2,0.10,124082
16,3,11,pusty,2007-01-14 12:24:11,2,1,2,0.16,910452
16,3,11,pusty,2007-01-14 12:24:11,2,2,2,0.04,73798
16,3,11,pusty,2007-01-14 12:24:11,2,3,2,0.04,48869
16,3,11,pusty,2007-01-14 12:24:12,3,1,2,0.22,191085
16,3,11,pusty,2007-01-14 12:24:12,3,2,2,0.19,7568
16,3,11,pusty,2007-01-14 12:24:12,3,3,2,0.18,4823
16,3,12,pusty,2007-01-14 12:24:12,1,1,2,0.11,615889
16,3,12,pusty,2007-01-14 12:24:12,1,2,2,0.10,94469
16,3,12,pusty,2007-01-14 12:24:13,1,3,2,0.05,66648
16,3,12,pusty,2007-01-14 12:24:13,2,1,2,0.04,218188
16,3,12,pusty,2007-01-14 12:24:13,2,2,2,0.04,83473
16,3,12,pusty,2007-01-14 12:24:13,2,3,2,0.05,68416
16,3,12,pusty,2007-01-14 12:24:13,3,1,2,0.18,25450
16,3,12,pusty,2007-01-14 12:24:13,3,2,2,0.18,6671
16,3,12,pusty,2007-01-14 12:24:14,3,3,2,0.18,4825
16,3,13,pusty,2007-01-14 12:24:20,1,1,2,6.28,29300594
16,3,13,pusty,2007-01-14 12:24:28,1,2,2,7.64,11827217
16,3,13,pusty,2007-01-14 12:24:36,1,3,2,7.48,8671937
16,3,13,pusty,2007-01-14 12:24:36,2,1,2,0.61,2952991
16,3,13,pusty,2007-01-14 12:24:37,2,2,2,0.67,1094427
16,3,13,pusty,2007-01-14 12:24:38,2,3,2,0.63,823321
16,3,13,pusty,2007-01-14 12:24:38,3,1,2,0.55,1559104
16,3,13,pusty,2007-01-14 12:24:39,3,2,2,0.51,506811
16,3,13,pusty,2007-01-14 12:24:40,3,3,2,0.52,380786
16,3,14,pusty,2007-01-14 12:24:59,1,1,2,19.01,92463760
16,3,14,pusty,2007-01-14 12:25:13,1,2,2,13.64,21832264
16,3,14,pusty,2007-01-14 12:25:25,1,3,2,12.08,14936146
16,3,14,pusty,2007-01-14 12:25:28,2,1,2,3.16,15289049
16,3,14,pusty,2007-01-14 12:25:31,2,2,2,2.14,3471336
16,3,14,pusty,2007-01-14 12:25:33,2,3,2,2.09,2691632
16,3,14,pusty,2007-01-14 12:25:34,3,1,2,1.62,6858912
16,3,14,pusty,2007-01-14 12:25:36,3,2,2,1.20,1622872
16,3,14,pusty,2007-01-14 12:25:37,3,3,2,1.22,1360089
16,3,15,pusty,2007-01-14 12:25:41,1,1,2,3.56,17634032
16,3,15,pusty,2007-01-14 12:25:43,1,2,2,2.72,4009998
16,3,15,pusty,2007-01-14 12:25:46,1,3,2,2.54,3206477
16,3,15,pusty,2007-01-14 12:25:48,2,1,2,1.57,7530028
16,3,15,pusty,2007-01-14 12:25:49,2,2,2,0.91,1379527
16,3,15,pusty,2007-01-14 12:25:50,2,3,2,0.84,1025220
16,3,15,pusty,2007-01-14 12:25:50,3,1,2,0.64,2057698
16,3,15,pusty,2007-01-14 12:25:51,3,2,2,0.39,338346
16,3,15,pusty,2007-01-14 12:25:51,3,3,2,0.34,212815
16,3,16,pusty,2007-01-14 12:25:52,1,1,2,0.47,2468923
16,3,16,pusty,2007-01-14 12:25:53,1,2,2,0.82,1275284
16,3,16,pusty,2007-01-14 12:25:54,1,3,2,0.96,1224759
16,3,16,pusty,2007-01-14 12:25:54,2,1,2,0.04,256762
16,3,16,pusty,2007-01-14 12:25:54,2,2,2,0.07,155986
16,3,16,pusty,2007-01-14 12:25:54,2,3,2,0.11,137057
16,3,16,pusty,2007-01-14 12:25:55,3,1,2,0.18,189343
16,3,16,pusty,2007-01-14 12:25:55,3,2,2,0.23,119403
16,3,16,pusty,2007-01-14 12:25:55,3,3,2,0.22,101568
16,3,17,pusty,2007-01-14 12:25:59,1,1,2,3.17,14703967
16,3,17,pusty,2007-01-14 12:26:03,1,2,2,4.33,6825330
16,3,17,pusty,2007-01-14 12:26:07,1,3,2,4.04,4680164
16,3,17,pusty,2007-01-14 12:26:08,2,1,2,0.70,3245471
16,3,17,pusty,2007-01-14 12:26:09,2,2,2,1.45,2302510
16,3,17,pusty,2007-01-14 12:26:11,2,3,2,1.40,1585792
16,3,17,pusty,2007-01-14 12:26:12,3,1,2,0.74,2607179
16,3,17,pusty,2007-01-14 12:26:13,3,2,2,1.18,1594390
16,3,17,pusty,2007-01-14 12:26:14,3,3,2,1.06,1022262
16,3,18,pusty,2007-01-14 12:26:19,1,1,2,5.02,25932042
16,3,18,pusty,2007-01-14 12:26:28,1,2,2,8.55,13664351
16,3,18,pusty,2007-01-14 12:26:38,1,3,2,9.84,13664337
16,3,18,pusty,2007-01-14 12:26:39,2,1,2,0.33,1799515
16,3,18,pusty,2007-01-14 12:26:39,2,2,2,0.56,925806
16,3,18,pusty,2007-01-14 12:26:40,2,3,2,0.71,925792
16,3,18,pusty,2007-01-14 12:26:40,3,1,2,0.35,865086
16,3,18,pusty,2007-01-14 12:26:41,3,2,2,0.47,434201
16,3,18,pusty,2007-01-14 12:26:41,3,3,2,0.50,434187
16,3,19,pusty,2007-01-14 12:26:56,1,1,2,14.30,67418580
16,3,19,pusty,2007-01-14 12:27:21,1,2,2,24.40,39488527
16,3,19,pusty,2007-01-14 12:27:48,1,3,2,27.29,34950618
16,3,19,pusty,2007-01-14 12:27:53,2,1,2,4.14,19629017
16,3,19,pusty,2007-01-14 12:28:01,2,2,2,8.57,14063352
16,3,19,pusty,2007-01-14 12:28:11,2,3,2,9.27,12199627
16,3,19,pusty,2007-01-14 12:28:15,3,1,2,4.04,18296304
16,3,19,pusty,2007-01-14 12:28:23,3,2,2,8.12,12752388
16,3,19,pusty,2007-01-14 12:28:32,3,3,2,8.76,10932486
16,3,1,pusty,2007-01-14 12:24:01,1,1,2,0.44,1963069
16,3,1,pusty,2007-01-14 12:24:02,1,2,2,0.59,917856
16,3,1,pusty,2007-01-14 12:24:03,1,3,2,0.67,776465
16,3,1,pusty,2007-01-14 12:24:03,2,1,2,0.02,132258
16,3,1,pusty,2007-01-14 12:24:03,2,2,2,0.03,47861
16,3,1,pusty,2007-01-14 12:24:03,2,3,2,0.03,34310
16,3,1,pusty,2007-01-14 12:24:03,3,1,2,0.22,143002
16,3,1,pusty,2007-01-14 12:24:04,3,2,2,0.23,53032
16,3,1,pusty,2007-01-14 12:24:04,3,3,2,0.23,36751
16,3,20,pusty,2007-01-14 12:28:41,1,1,2,0.54,2655467
16,3,20,pusty,2007-01-14 12:28:43,1,2,2,1.23,1769396
16,3,20,pusty,2007-01-14 12:28:44,1,3,2,0.93,1057127
16,3,20,pusty,2007-01-14 12:28:44,2,1,2,0.18,930484
16,3,20,pusty,2007-01-14 12:28:45,2,2,2,0.46,683183
16,3,20,pusty,2007-01-14 12:28:45,2,3,2,0.34,363653
16,3,20,pusty,2007-01-14 12:28:45,3,1,2,0.35,834226
16,3,20,pusty,2007-01-14 12:28:46,3,2,2,0.62,638503
16,3,20,pusty,2007-01-14 12:28:47,3,3,2,0.51,334334
16,3,2,pusty,2007-01-14 12:28:34,1,1,2,1.80,9200186
16,3,2,pusty,2007-01-14 12:28:37,1,2,2,2.48,4175987
16,3,2,pusty,2007-01-14 12:28:40,1,3,2,2.65,4074600
16,3,2,pusty,2007-01-14 12:28:40,2,1,2,0.08,417454
16,3,2,pusty,2007-01-14 12:28:40,2,2,2,0.08,158426
16,3,2,pusty,2007-01-14 12:28:40,2,3,2,0.09,158351
16,3,2,pusty,2007-01-14 12:28:40,3,1,2,0.18,21620
16,3,2,pusty,2007-01-14 12:28:41,3,2,2,0.19,10334
16,3,2,pusty,2007-01-14 12:28:41,3,3,2,0.19,10271
16,3,3,pusty,2007-01-14 12:28:48,1,1,2,1.31,6319899
16,3,3,pusty,2007-01-14 12:28:50,1,2,2,1.88,2938379
16,3,3,pusty,2007-01-14 12:28:52,1,3,2,1.99,2395566
16,3,3,pusty,2007-01-14 12:28:53,2,1,2,0.80,4103639
16,3,3,pusty,2007-01-14 12:28:54,2,2,2,0.81,1267596
16,3,3,pusty,2007-01-14 12:28:55,2,3,2,0.80,1092144
16,3,3,pusty,2007-01-14 12:28:55,3,1,2,0.22,153431
16,3,3,pusty,2007-01-14 12:28:55,3,2,2,0.28,73617
16,3,3,pusty,2007-01-14 12:28:56,3,3,2,0.24,68194
16,3,4,pusty,2007-01-14 12:29:26,1,1,2,30.28,144999293
16,3,4,pusty,2007-01-14 12:29:57,1,2,2,30.41,45683306
16,3,4,pusty,2007-01-14 12:30:23,1,3,2,25.47,28526807
16,3,4,pusty,2007-01-14 12:30:28,2,1,2,4.67,21954637
16,3,4,pusty,2007-01-14 12:30:33,2,2,2,4.41,6768333
16,3,4,pusty,2007-01-14 12:30:36,2,3,2,3.65,3957842
16,3,4,pusty,2007-01-14 12:30:41,3,1,2,4.55,20211386
16,3,4,pusty,2007-01-14 12:30:45,3,2,2,3.98,5876602
16,3,4,pusty,2007-01-14 12:30:49,3,3,2,3.39,3459980
16,3,5,pusty,2007-01-14 12:31:13,1,1,2,24.40,115908909
16,3,5,pusty,2007-01-14 12:31:26,1,2,2,12.32,18407739
16,3,5,pusty,2007-01-14 12:31:38,1,3,2,11.95,12292982
16,3,5,pusty,2007-01-14 12:31:46,2,1,2,8.07,37631739
16,3,5,pusty,2007-01-14 12:31:52,2,2,2,5.63,8562554
16,3,5,pusty,2007-01-14 12:31:58,2,3,2,5.56,5746203
16,3,5,pusty,2007-01-14 12:32:06,3,1,2,7.80,35556011
16,3,5,pusty,2007-01-14 12:32:11,3,2,2,5.51,7986974
16,3,5,pusty,2007-01-14 12:32:17,3,3,2,5.35,5351217
16,3,6,pusty,2007-01-14 12:32:24,1,1,2,6.58,30996115
16,3,6,pusty,2007-01-14 12:32:37,1,2,2,12.87,19919384
16,3,6,pusty,2007-01-14 12:32:50,1,3,2,13.54,14766142
16,3,6,pusty,2007-01-14 12:32:53,2,1,2,2.82,13582348
16,3,6,pusty,2007-01-14 12:32:59,2,2,2,5.04,8060896
16,3,6,pusty,2007-01-14 12:33:04,2,3,2,4.98,5886504
16,3,6,pusty,2007-01-14 12:33:07,3,1,2,2.74,11871482
16,3,6,pusty,2007-01-14 12:33:11,3,2,2,4.41,6631374
16,3,6,pusty,2007-01-14 12:33:15,3,3,2,4.16,4612689
16,3,7,pusty,2007-01-14 12:33:36,1,1,2,19.80,101025230
16,3,7,pusty,2007-01-14 12:34:01,1,2,2,25.29,43531243
16,3,7,pusty,2007-01-14 12:34:29,1,3,2,27.25,43447462
16,3,7,pusty,2007-01-14 12:34:33,2,1,2,3.80,19525519
16,3,7,pusty,2007-01-14 12:34:38,2,2,2,5.10,8780615
16,3,7,pusty,2007-01-14 12:34:44,2,3,2,5.51,8732287
16,3,7,pusty,2007-01-14 12:34:45,3,1,2,1.60,6869745
16,3,7,pusty,2007-01-14 12:34:47,3,2,2,1.95,2992977
16,3,7,pusty,2007-01-14 12:34:50,3,3,2,2.18,2948022
16,3,8,pusty,2007-01-14 12:34:56,1,1,2,6.34,32084923
16,3,8,pusty,2007-01-14 12:35:03,1,2,2,6.90,11009564
16,3,8,pusty,2007-01-14 12:35:12,1,3,2,8.26,11009469
16,3,8,pusty,2007-01-14 12:35:12,2,1,2,0.54,2884021
16,3,8,pusty,2007-01-14 12:35:13,2,2,2,0.70,1071007
16,3,8,pusty,2007-01-14 12:35:14,2,3,2,0.75,1070942
16,3,8,pusty,2007-01-14 12:35:15,3,1,2,0.56,1983070
16,3,8,pusty,2007-01-14 12:35:15,3,2,2,0.66,677539
16,3,8,pusty,2007-01-14 12:35:16,3,3,2,0.69,677474
16,3,9,pusty,2007-01-14 12:35:17,1,1,2,0.50,2290940
16,3,9,pusty,2007-01-14 12:35:18,1,2,2,0.81,1289501
16,3,9,pusty,2007-01-14 12:35:19,1,3,2,0.82,1012997
16,3,9,pusty,2007-01-14 12:35:19,2,1,2,0.23,1142644
16,3,9,pusty,2007-01-14 12:35:19,2,2,2,0.36,580396
16,3,9,pusty,2007-01-14 12:35:20,2,3,2,0.36,426492
16,3,9,pusty,2007-01-14 12:35:20,3,1,2,0.22,196078
16,3,9,pusty,2007-01-14 12:35:20,3,2,2,0.25,101149
16,3,9,pusty,2007-01-14 12:35:21,3,3,2,0.25,70573
16,4,10,pusty,2007-01-14 12:35:26,1,1,2,0.06,325963
16,4,10,pusty,2007-01-14 12:35:26,1,2,2,0.11,204264
16,4,10,pusty,2007-01-14 12:35:26,1,3,2,0.12,189536
16,4,10,pusty,2007-01-14 12:35:26,2,1,2,0.04,176263
16,4,10,pusty,2007-01-14 12:35:27,2,2,2,0.06,110740
16,4,10,pusty,2007-01-14 12:35:27,2,3,2,0.07,102663
16,4,10,pusty,2007-01-14 12:35:27,3,1,2,0.23,23111
16,4,10,pusty,2007-01-14 12:35:27,3,2,2,0.18,15061
16,4,10,pusty,2007-01-14 12:35:28,3,3,2,0.22,13776
16,4,11,pusty,2007-01-14 12:35:37,1,1,2,9.32,45125903
16,4,11,pusty,2007-01-14 12:35:42,1,2,2,4.88,7515692
16,4,11,pusty,2007-01-14 12:35:47,1,3,2,4.46,5168796
16,4,11,pusty,2007-01-14 12:35:47,2,1,2,0.29,1412895
16,4,11,pusty,2007-01-14 12:35:47,2,2,2,0.20,325553
16,4,11,pusty,2007-01-14 12:35:48,2,3,2,0.18,236762
16,4,11,pusty,2007-01-14 12:35:48,3,1,2,0.40,1080706
16,4,11,pusty,2007-01-14 12:35:48,3,2,2,0.33,247607
16,4,11,pusty,2007-01-14 12:35:49,3,3,2,0.32,185348
16,4,12,pusty,2007-01-14 12:35:50,1,1,2,1.03,4611120
16,4,12,pusty,2007-01-14 12:35:51,1,2,2,0.88,1402711
16,4,12,pusty,2007-01-14 12:35:52,1,3,2,0.83,1037610
16,4,12,pusty,2007-01-14 12:35:53,2,1,2,1.00,4756369
16,4,12,pusty,2007-01-14 12:35:54,2,2,2,0.95,1510005
16,4,12,pusty,2007-01-14 12:35:55,2,3,2,0.88,1123835
16,4,12,pusty,2007-01-14 12:35:55,3,1,2,0.22,104999
16,4,12,pusty,2007-01-14 12:35:55,3,2,2,0.21,41184
16,4,12,pusty,2007-01-14 12:35:56,3,3,2,0.22,31946
16,4,13,pusty,2007-01-14 12:36:00,1,1,2,4.57,21789221
16,4,13,pusty,2007-01-14 12:36:08,1,2,2,7.21,10273526
16,4,13,pusty,2007-01-14 12:36:14,1,3,2,6.20,6683355
16,4,13,pusty,2007-01-14 12:36:17,2,1,2,2.89,14114457
16,4,13,pusty,2007-01-14 12:36:23,2,2,2,5.24,7464761
16,4,13,pusty,2007-01-14 12:36:27,2,3,2,4.50,4914683
16,4,13,pusty,2007-01-14 12:36:31,3,1,2,3.64,16434522
16,4,13,pusty,2007-01-14 12:36:37,3,2,2,6.13,8804202
16,4,13,pusty,2007-01-14 12:36:42,3,3,2,5.14,5712094
16,4,14,pusty,2007-01-14 12:36:44,1,1,2,1.04,4885639
16,4,14,pusty,2007-01-14 12:36:46,1,2,2,1.99,2980481
16,4,14,pusty,2007-01-14 12:36:48,1,3,2,1.90,2056272
16,4,14,pusty,2007-01-14 12:36:48,2,1,2,0.34,1539970
16,4,14,pusty,2007-01-14 12:36:49,2,2,2,0.64,1047333
16,4,14,pusty,2007-01-14 12:36:49,2,3,2,0.60,732563
16,4,14,pusty,2007-01-14 12:36:50,3,1,2,0.20,57386
16,4,14,pusty,2007-01-14 12:36:50,3,2,2,0.24,39037
16,4,14,pusty,2007-01-14 12:36:50,3,3,2,0.22,28184
16,4,15,pusty,2007-01-14 12:37:03,1,1,2,12.94,60336981
16,4,15,pusty,2007-01-14 12:37:25,1,2,2,21.50,36079697
16,4,15,pusty,2007-01-14 12:37:47,1,3,2,20.95,27936674
16,4,15,pusty,2007-01-14 12:37:52,2,1,2,5.08,23833701
16,4,15,pusty,2007-01-14 12:38:00,2,2,2,7.74,13129004
16,4,15,pusty,2007-01-14 12:38:07,2,3,2,7.64,10485711
16,4,15,pusty,2007-01-14 12:38:13,3,1,2,5.26,23810838
16,4,15,pusty,2007-01-14 12:38:21,3,2,2,7.80,13106400
16,4,15,pusty,2007-01-14 12:38:29,3,3,2,7.76,10465407
16,4,16,pusty,2007-01-14 12:38:33,1,1,2,3.88,19039640
16,4,16,pusty,2007-01-14 12:38:35,1,2,2,2.30,3467572
16,4,16,pusty,2007-01-14 12:38:37,1,3,2,1.98,2580204
16,4,16,pusty,2007-01-14 12:38:38,2,1,2,1.11,5611460
16,4,16,pusty,2007-01-14 12:38:39,2,2,2,0.59,930921
16,4,16,pusty,2007-01-14 12:38:40,2,3,2,0.50,638911
16,4,16,pusty,2007-01-14 12:38:40,3,1,2,0.47,1353671
16,4,16,pusty,2007-01-14 12:38:41,3,2,2,0.26,139792
16,4,16,pusty,2007-01-14 12:38:41,3,3,2,0.22,93090
16,4,17,pusty,2007-01-14 12:38:43,1,1,2,1.98,9343556
16,4,17,pusty,2007-01-14 12:38:44,1,2,2,0.77,1097269
16,4,17,pusty,2007-01-14 12:38:45,1,3,2,0.54,630849
16,4,17,pusty,2007-01-14 12:38:46,2,1,2,1.07,5090016
16,4,17,pusty,2007-01-14 12:38:46,2,2,2,0.34,578123
16,4,17,pusty,2007-01-14 12:38:47,2,3,2,0.31,334615
16,4,17,pusty,2007-01-14 12:38:48,3,1,2,1.10,4335830
16,4,17,pusty,2007-01-14 12:38:48,3,2,2,0.46,463376
16,4,17,pusty,2007-01-14 12:38:49,3,3,2,0.46,263654
16,4,18,pusty,2007-01-14 12:39:29,1,1,2,39.20,193345914
16,4,18,pusty,2007-01-14 12:40:29,1,2,2,Command exited with non-zero status 137 0.00,Timeout: aborting command ``../../src/branch'' with signal 9 Killed
16,4,18,pusty,2007-01-14 12:41:29,1,3,2,Command exited with non-zero status 137 0.00,Timeout: aborting command ``../../src/branch'' with signal 9 Killed
16,4,18,pusty,2007-01-14 12:41:50,2,1,2,20.95,102663726
16,4,18,pusty,2007-01-14 12:42:34,2,2,2,43.77,72678115
16,4,18,pusty,2007-01-14 12:43:21,2,3,2,46.27,70618594
16,4,18,pusty,2007-01-14 12:43:28,3,1,2,6.32,30134436
16,4,18,pusty,2007-01-14 12:43:36,3,2,2,8.35,13586652
16,4,18,pusty,2007-01-14 12:43:45,3,3,2,8.91,13293066
16,4,19,pusty,2007-01-14 12:43:47,1,1,2,1.78,8552273
16,4,19,pusty,2007-01-14 12:43:50,1,2,2,2.48,3860829
16,4,19,pusty,2007-01-14 12:43:52,1,3,2,2.50,3094175
16,4,19,pusty,2007-01-14 12:43:53,2,1,2,0.66,3400029
16,4,19,pusty,2007-01-14 12:43:54,2,2,2,0.98,1578393
16,4,19,pusty,2007-01-14 12:43:55,2,3,2,1.03,1289026
16,4,19,pusty,2007-01-14 12:43:56,3,1,2,0.49,1576807
16,4,19,pusty,2007-01-14 12:43:57,3,2,2,0.72,823394
16,4,19,pusty,2007-01-14 12:43:58,3,3,2,0.77,657074
16,4,1,pusty,2007-01-14 12:35:22,1,1,2,1.00,4725053
16,4,1,pusty,2007-01-14 12:35:22,1,2,2,0.66,885322
16,4,1,pusty,2007-01-14 12:35:23,1,3,2,0.49,555157
16,4,1,pusty,2007-01-14 12:35:24,2,1,2,0.58,3033085
16,4,1,pusty,2007-01-14 12:35:24,2,2,2,0.32,521160
16,4,1,pusty,2007-01-14 12:35:24,2,3,2,0.26,326352
16,4,1,pusty,2007-01-14 12:35:25,3,1,2,0.50,1505595
16,4,1,pusty,2007-01-14 12:35:25,3,2,2,0.31,215417
16,4,1,pusty,2007-01-14 12:35:26,3,3,2,0.33,114824
16,4,20,pusty,2007-01-14 12:45:49,1,1,2,3.71,18623615
16,4,20,pusty,2007-01-14 12:45:57,1,2,2,8.39,14190591
16,4,20,pusty,2007-01-14 12:46:06,1,3,2,8.87,13282072
16,4,20,pusty,2007-01-14 12:46:08,2,1,2,1.11,5759816
16,4,20,pusty,2007-01-14 12:46:10,2,2,2,2.80,4802639
16,4,20,pusty,2007-01-14 12:46:13,2,3,2,2.80,4493720
16,4,20,pusty,2007-01-14 12:46:15,3,1,2,1.12,4884411
16,4,20,pusty,2007-01-14 12:46:17,3,2,2,2.50,4028757
16,4,20,pusty,2007-01-14 12:46:20,3,3,2,2.64,3789620
16,4,2,pusty,2007-01-14 12:44:16,1,1,2,17.94,84499853
16,4,2,pusty,2007-01-14 12:44:51,1,2,2,35.07,54073679
16,4,2,pusty,2007-01-14 12:45:31,1,3,2,39.01,44310131
16,4,2,pusty,2007-01-14 12:45:33,2,1,2,1.64,7852646
16,4,2,pusty,2007-01-14 12:45:36,2,2,2,3.24,5235419
16,4,2,pusty,2007-01-14 12:45:39,2,3,2,3.37,4336842
16,4,2,pusty,2007-01-14 12:45:41,3,1,2,1.21,4905890
16,4,2,pusty,2007-01-14 12:45:43,3,2,2,1.88,2772004
16,4,2,pusty,2007-01-14 12:45:45,3,3,2,2.01,2190680
16,4,3,pusty,2007-01-14 12:46:21,1,1,2,0.66,3471499
16,4,3,pusty,2007-01-14 12:46:22,1,2,2,1.10,1658342
16,4,3,pusty,2007-01-14 12:46:23,1,3,2,1.01,1164842
16,4,3,pusty,2007-01-14 12:46:24,2,1,2,0.71,3664095
16,4,3,pusty,2007-01-14 12:46:25,2,2,2,1.14,1707045
16,4,3,pusty,2007-01-14 12:46:26,2,3,2,0.94,1335937
16,4,3,pusty,2007-01-14 12:46:26,3,1,2,0.32,368505
16,4,3,pusty,2007-01-14 12:46:27,3,2,2,0.30,143842
16,4,3,pusty,2007-01-14 12:46:27,3,3,2,0.30,91049
16,4,4,pusty,2007-01-14 12:46:36,1,1,2,8.35,42008053
16,4,4,pusty,2007-01-14 12:46:48,1,2,2,12.29,20542340
16,4,4,pusty,2007-01-14 12:47:02,1,3,2,13.18,20368408
16,4,4,pusty,2007-01-14 12:47:02,2,1,2,0.24,1254953
16,4,4,pusty,2007-01-14 12:47:02,2,2,2,0.38,644836
16,4,4,pusty,2007-01-14 12:47:03,2,3,2,0.42,620441
16,4,4,pusty,2007-01-14 12:47:03,3,1,2,0.31,564331
16,4,4,pusty,2007-01-14 12:47:04,3,2,2,0.36,283744
16,4,4,pusty,2007-01-14 12:47:04,3,3,2,0.36,262123
16,4,5,pusty,2007-01-14 12:47:06,1,1,2,1.97,9816635
16,4,5,pusty,2007-01-14 12:47:07,1,2,2,1.20,1926399
16,4,5,pusty,2007-01-14 12:47:09,1,3,2,1.19,1744656
16,4,5,pusty,2007-01-14 12:47:09,2,1,2,0.09,427969
16,4,5,pusty,2007-01-14 12:47:09,2,2,2,0.06,116000
16,4,5,pusty,2007-01-14 12:47:09,2,3,2,0.06,93808
16,4,5,pusty,2007-01-14 12:47:09,3,1,2,0.29,546918
16,4,5,pusty,2007-01-14 12:47:10,3,2,2,0.26,130009
16,4,5,pusty,2007-01-14 12:47:10,3,3,2,0.27,94985
16,4,6,pusty,2007-01-14 12:47:11,1,1,2,0.98,4850554
16,4,6,pusty,2007-01-14 12:47:12,1,2,2,0.53,741232
16,4,6,pusty,2007-01-14 12:47:12,1,3,2,0.37,423749
16,4,6,pusty,2007-01-14 12:47:12,2,1,2,0.15,851061
16,4,6,pusty,2007-01-14 12:47:13,2,2,2,0.11,164970
16,4,6,pusty,2007-01-14 12:47:13,2,3,2,0.07,100392
16,4,6,pusty,2007-01-14 12:47:13,3,1,2,0.26,260391
16,4,6,pusty,2007-01-14 12:47:13,3,2,2,0.20,62094
16,4,6,pusty,2007-01-14 12:47:14,3,3,2,0.27,31110
16,4,7,pusty,2007-01-14 12:47:15,1,1,2,1.12,5700044
16,4,7,pusty,2007-01-14 12:47:18,1,2,2,2.49,3695569
16,4,7,pusty,2007-01-14 12:47:20,1,3,2,2.68,2944198
16,4,7,pusty,2007-01-14 12:47:21,2,1,2,0.27,1511792
16,4,7,pusty,2007-01-14 12:47:22,2,2,2,0.74,1080379
16,4,7,pusty,2007-01-14 12:47:22,2,3,2,0.74,882709
16,4,7,pusty,2007-01-14 12:47:23,3,1,2,0.27,444494
16,4,7,pusty,2007-01-14 12:47:23,3,2,2,0.51,389640
16,4,7,pusty,2007-01-14 12:47:24,3,3,2,0.48,298758
16,4,8,pusty,2007-01-14 12:48:15,1,1,2,50.90,229551364
16,4,8,pusty,2007-01-14 12:49:16,1,2,2,Command exited with non-zero status 137 0.00,Timeout: aborting command ``../../src/branch'' with signal 9 Killed
16,4,8,pusty,2007-01-14 12:50:16,1,3,2,Command exited with non-zero status 137 0.00,Timeout: aborting command ``../../src/branch'' with signal 9 Killed
16,4,8,pusty,2007-01-14 12:50:54,2,1,2,38.05,173608240
16,4,8,pusty,2007-01-14 12:51:54,2,2,2,Command exited with non-zero status 137 0.00,Timeout: aborting command ``../../src/branch'' with signal 9 Killed
16,4,8,pusty,2007-01-14 12:52:54,2,3,2,Command exited with non-zero status 137 0.00,Timeout: aborting command ``../../src/branch'' with signal 9 Killed
16,4,8,pusty,2007-01-14 12:53:28,3,1,2,32.95,150033340
16,4,8,pusty,2007-01-14 12:54:28,3,2,2,Command exited with non-zero status 137 0.00,Timeout: aborting command ``../../src/branch'' with signal 9 Killed
16,4,8,pusty,2007-01-14 12:55:20,3,3,2,51.39,63514841
16,4,9,pusty,2007-01-14 12:55:21,1,1,2,1.00,5051464
16,4,9,pusty,2007-01-14 12:55:23,1,2,2,2.11,3071631
16,4,9,pusty,2007-01-14 12:55:26,1,3,2,2.24,2362134
16,4,9,pusty,2007-01-14 12:55:26,2,1,2,0.02,116546
16,4,9,pusty,2007-01-14 12:55:26,2,2,2,0.05,77438
16,4,9,pusty,2007-01-14 12:55:26,2,3,2,0.04,57526
16,4,9,pusty,2007-01-14 12:55:26,3,1,2,0.20,20935
16,4,9,pusty,2007-01-14 12:55:26,3,2,2,0.20,13394
16,4,9,pusty,2007-01-14 12:55:27,3,3,2,0.20,9426
16,5,10,pusty,2007-01-14 12:57:08,1,1,2,1.77,8504770
16,5,10,pusty,2007-01-14 12:57:09,1,2,2,0.58,868432
16,5,10,pusty,2007-01-14 12:57:09,1,3,2,0.40,496577
16,5,10,pusty,2007-01-14 12:57:11,2,1,2,1.23,6017785
16,5,10,pusty,2007-01-14 12:57:11,2,2,2,0.42,704061
16,5,10,pusty,2007-01-14 12:57:12,2,3,2,0.34,450514
16,5,10,pusty,2007-01-14 12:57:12,3,1,2,0.46,1095061
16,5,10,pusty,2007-01-14 12:57:12,3,2,2,0.24,75780
16,5,10,pusty,2007-01-14 12:57:13,3,3,2,0.22,39498
16,5,11,pusty,2007-01-14 12:57:14,1,1,2,1.11,5414862
16,5,11,pusty,2007-01-14 12:57:15,1,2,2,0.69,1109814
16,5,11,pusty,2007-01-14 12:57:15,1,3,2,0.66,778276
16,5,11,pusty,2007-01-14 12:57:16,2,1,2,0.25,1146870
16,5,11,pusty,2007-01-14 12:57:16,2,2,2,0.20,320618
16,5,11,pusty,2007-01-14 12:57:16,2,3,2,0.21,257895
16,5,11,pusty,2007-01-14 12:57:17,3,1,2,0.42,1057149
16,5,11,pusty,2007-01-14 12:57:17,3,2,2,0.37,286349
16,5,11,pusty,2007-01-14 12:57:18,3,3,2,0.42,226312
16,5,12,pusty,2007-01-14 12:57:19,1,1,2,0.65,3318472
16,5,12,pusty,2007-01-14 12:57:19,1,2,2,0.21,365280
16,5,12,pusty,2007-01-14 12:57:19,1,3,2,0.21,275669
16,5,12,pusty,2007-01-14 12:57:19,2,1,2,0.05,264912
16,5,12,pusty,2007-01-14 12:57:19,2,2,2,0.01,15815
16,5,12,pusty,2007-01-14 12:57:19,2,3,2,0.00,9456
16,5,12,pusty,2007-01-14 12:57:20,3,1,2,0.22,172556
16,5,12,pusty,2007-01-14 12:57:20,3,2,2,0.26,14860
16,5,12,pusty,2007-01-14 12:57:20,3,3,2,0.19,8388
16,5,13,pusty,2007-01-14 12:57:26,1,1,2,5.89,26707485
16,5,13,pusty,2007-01-14 12:57:35,1,2,2,8.84,13269225
16,5,13,pusty,2007-01-14 12:57:45,1,3,2,9.47,10097980
16,5,13,pusty,2007-01-14 12:57:48,2,1,2,2.88,12986706
16,5,13,pusty,2007-01-14 12:57:54,2,2,2,6.24,9168675
16,5,13,pusty,2007-01-14 12:58:02,2,3,2,7.72,8060218
16,5,13,pusty,2007-01-14 12:58:04,3,1,2,1.92,7971474
16,5,13,pusty,2007-01-14 12:58:10,3,2,2,5.43,7828798
16,5,13,pusty,2007-01-14 12:58:17,3,3,2,7.14,7361091
16,5,14,pusty,2007-01-14 12:58:25,1,1,2,7.42,35631100
16,5,14,pusty,2007-01-14 12:58:38,1,2,2,13.66,21723317
16,5,14,pusty,2007-01-14 12:58:54,1,3,2,15.48,18222544
16,5,14,pusty,2007-01-14 12:58:54,2,1,2,0.19,986022
16,5,14,pusty,2007-01-14 12:58:55,2,2,2,0.28,525317
16,5,14,pusty,2007-01-14 12:58:55,2,3,2,0.32,484530
16,5,14,pusty,2007-01-14 12:58:55,3,1,2,0.22,51207
16,5,14,pusty,2007-01-14 12:58:56,3,2,2,0.20,28294
16,5,14,pusty,2007-01-14 12:58:56,3,3,2,0.21,27941
16,5,15,pusty,2007-01-14 12:59:10,1,1,2,13.41,64346532
16,5,15,pusty,2007-01-14 12:59:42,1,2,2,31.51,52194089
16,5,15,pusty,2007-01-14 13:00:13,1,3,2,30.50,40002904
16,5,15,pusty,2007-01-14 13:00:13,2,1,2,0.04,186723
16,5,15,pusty,2007-01-14 13:00:13,2,2,2,0.08,145313
16,5,15,pusty,2007-01-14 13:00:13,2,3,2,0.07,84549
16,5,15,pusty,2007-01-14 13:00:13,3,1,2,0.22,105368
16,5,15,pusty,2007-01-14 13:00:14,3,2,2,0.25,83290
16,5,15,pusty,2007-01-14 13:00:14,3,3,2,0.24,42705
16,5,16,pusty,2007-01-14 13:00:15,1,1,2,1.40,6924718
16,5,16,pusty,2007-01-14 13:00:16,1,2,2,0.16,233193
16,5,16,pusty,2007-01-14 13:00:16,1,3,2,0.13,157274
16,5,16,pusty,2007-01-14 13:00:17,2,1,2,0.76,3829362
16,5,16,pusty,2007-01-14 13:00:17,2,2,2,0.20,300129
16,5,16,pusty,2007-01-14 13:00:17,2,3,2,0.16,174727
16,5,16,pusty,2007-01-14 13:00:18,3,1,2,0.52,1588086
16,5,16,pusty,2007-01-14 13:00:18,3,2,2,0.26,56291
16,5,16,pusty,2007-01-14 13:00:18,3,3,2,0.24,32620
16,5,17,pusty,2007-01-14 13:00:55,1,1,2,35.80,174909544
16,5,17,pusty,2007-01-14 13:01:34,1,2,2,38.53,59118456
16,5,17,pusty,2007-01-14 13:02:10,1,3,2,35.82,45027190
16,5,17,pusty,2007-01-14 13:02:14,2,1,2,3.83,18588710
16,5,17,pusty,2007-01-14 13:02:18,2,2,2,3.38,5448338
16,5,17,pusty,2007-01-14 13:02:21,2,3,2,3.40,4312025
16,5,17,pusty,2007-01-14 13:02:22,3,1,2,1.12,4603034
16,5,17,pusty,2007-01-14 13:02:23,3,2,2,0.85,1101158
16,5,17,pusty,2007-01-14 13:02:24,3,3,2,0.95,889907
16,5,18,pusty,2007-01-14 13:02:30,1,1,2,5.14,24949854
16,5,18,pusty,2007-01-14 13:02:41,1,2,2,11.22,17749234
16,5,18,pusty,2007-01-14 13:02:53,1,3,2,11.66,15654612
16,5,18,pusty,2007-01-14 13:02:53,2,1,2,0.18,966650
16,5,18,pusty,2007-01-14 13:02:53,2,2,2,0.31,511835
16,5,18,pusty,2007-01-14 13:02:54,2,3,2,0.36,402108
16,5,18,pusty,2007-01-14 13:02:54,3,1,2,0.25,307387
16,5,18,pusty,2007-01-14 13:02:55,3,2,2,0.30,165116
16,5,18,pusty,2007-01-14 13:02:55,3,3,2,0.32,116758
16,5,19,pusty,2007-01-14 13:03:55,1,1,2,Command exited with non-zero status 137 0.00,Timeout: aborting command ``../../src/branch'' with signal 9 Killed
16,5,19,pusty,2007-01-14 13:04:11,1,2,2,16.11,25617324
16,5,19,pusty,2007-01-14 13:04:26,1,3,2,14.56,19844322
16,5,19,pusty,2007-01-14 13:04:36,2,1,2,9.81,45829129
16,5,19,pusty,2007-01-14 13:04:39,2,2,2,2.84,4451454
16,5,19,pusty,2007-01-14 13:04:42,2,3,2,2.43,2952453
16,5,19,pusty,2007-01-14 13:04:47,3,1,2,5.48,24416898
16,5,19,pusty,2007-01-14 13:04:49,3,2,2,1.75,2426202
16,5,19,pusty,2007-01-14 13:04:51,3,3,2,1.51,1579840
16,5,1,pusty,2007-01-14 12:55:52,1,1,2,24.82,114295047
16,5,1,pusty,2007-01-14 12:56:11,1,2,2,18.53,29639784
16,5,1,pusty,2007-01-14 12:56:30,1,3,2,19.39,23664051
16,5,1,pusty,2007-01-14 12:56:34,2,1,2,3.86,17936270
16,5,1,pusty,2007-01-14 12:56:41,2,2,2,6.80,11165093
16,5,1,pusty,2007-01-14 12:56:48,2,3,2,6.81,8557389
16,5,1,pusty,2007-01-14 12:56:52,3,1,2,4.09,17811842
16,5,1,pusty,2007-01-14 12:57:00,3,2,2,6.87,10991729
16,5,1,pusty,2007-01-14 12:57:06,3,3,2,6.78,8376821
16,5,20,pusty,2007-01-14 13:04:57,1,1,2,0.68,3156048
16,5,20,pusty,2007-01-14 13:04:59,1,2,2,1.75,2358030
16,5,20,pusty,2007-01-14 13:05:01,1,3,2,1.68,1538337
16,5,20,pusty,2007-01-14 13:05:02,2,1,2,0.62,3011503
16,5,20,pusty,2007-01-14 13:05:03,2,2,2,1.64,2191445
16,5,20,pusty,2007-01-14 13:05:05,2,3,2,1.53,1426851
16,5,20,pusty,2007-01-14 13:05:06,3,1,2,0.70,2409835
16,5,20,pusty,2007-01-14 13:05:07,3,2,2,1.68,1911889
16,5,20,pusty,2007-01-14 13:05:09,3,3,2,1.60,1254244
16,5,2,pusty,2007-01-14 13:04:51,1,1,2,0.39,1799449
16,5,2,pusty,2007-01-14 13:04:52,1,2,2,0.74,1224997
16,5,2,pusty,2007-01-14 13:04:53,1,3,2,0.83,896518
16,5,2,pusty,2007-01-14 13:04:53,2,1,2,0.35,1512853
16,5,2,pusty,2007-01-14 13:04:54,2,2,2,0.56,974876
16,5,2,pusty,2007-01-14 13:04:55,2,3,2,0.55,687901
16,5,2,pusty,2007-01-14 13:04:55,3,1,2,0.36,1013216
16,5,2,pusty,2007-01-14 13:04:56,3,2,2,0.60,663171
16,5,2,pusty,2007-01-14 13:04:56,3,3,2,0.61,465397
16,5,3,pusty,2007-01-14 13:05:09,1,1,2,0.28,1400632
16,5,3,pusty,2007-01-14 13:05:10,1,2,2,0.33,506194
16,5,3,pusty,2007-01-14 13:05:10,1,3,2,0.31,497670
16,5,3,pusty,2007-01-14 13:05:10,2,1,2,0.03,163306
16,5,3,pusty,2007-01-14 13:05:10,2,2,2,0.06,108116
16,5,3,pusty,2007-01-14 13:05:10,2,3,2,0.07,100464
16,5,3,pusty,2007-01-14 13:05:11,3,1,2,0.21,55228
16,5,3,pusty,2007-01-14 13:05:11,3,2,2,0.22,32720
16,5,3,pusty,2007-01-14 13:05:11,3,3,2,0.22,26781
16,5,4,pusty,2007-01-14 13:05:12,1,1,2,0.11,474020
16,5,4,pusty,2007-01-14 13:05:12,1,2,2,0.13,199471
16,5,4,pusty,2007-01-14 13:05:12,1,3,2,0.12,118934
16,5,4,pusty,2007-01-14 13:05:12,2,1,2,0.04,154000
16,5,4,pusty,2007-01-14 13:05:12,2,2,2,0.04,63404
16,5,4,pusty,2007-01-14 13:05:12,2,3,2,0.04,31384
16,5,4,pusty,2007-01-14 13:05:12,3,1,2,0.24,225348
16,5,4,pusty,2007-01-14 13:05:13,3,2,2,0.28,103518
16,5,4,pusty,2007-01-14 13:05:13,3,3,2,0.25,46472
16,5,5,pusty,2007-01-14 13:05:13,1,1,2,0.18,868322
16,5,5,pusty,2007-01-14 13:05:14,1,2,2,0.36,565057
16,5,5,pusty,2007-01-14 13:05:14,1,3,2,0.46,469156
16,5,5,pusty,2007-01-14 13:05:14,2,1,2,0.07,343842
16,5,5,pusty,2007-01-14 13:05:15,2,2,2,0.13,215112
16,5,5,pusty,2007-01-14 13:05:15,2,3,2,0.16,165447
16,5,5,pusty,2007-01-14 13:05:15,3,1,2,0.22,114269
16,5,5,pusty,2007-01-14 13:05:16,3,2,2,0.25,72200
16,5,5,pusty,2007-01-14 13:05:16,3,3,2,0.26,52090
16,5,6,pusty,2007-01-14 13:05:38,1,1,2,21.35,104466220
16,5,6,pusty,2007-01-14 13:06:12,1,2,2,33.89,51101656
16,5,6,pusty,2007-01-14 13:06:46,1,3,2,33.77,40981337
16,5,6,pusty,2007-01-14 13:06:54,2,1,2,8.15,39330978
16,5,6,pusty,2007-01-14 13:07:07,2,2,2,12.57,18850238
16,5,6,pusty,2007-01-14 13:07:20,2,3,2,12.30,14718675
16,5,6,pusty,2007-01-14 13:07:23,3,1,2,2.88,12817172
16,5,6,pusty,2007-01-14 13:07:27,3,2,2,3.94,5277613
16,5,6,pusty,2007-01-14 13:07:31,3,3,2,3.76,3509836
16,5,7,pusty,2007-01-14 13:07:31,1,1,2,0.76,3767033
16,5,7,pusty,2007-01-14 13:07:33,1,2,2,1.48,2277882
16,5,7,pusty,2007-01-14 13:07:35,1,3,2,1.52,1593979
16,5,7,pusty,2007-01-14 13:07:35,2,1,2,0.05,347993
16,5,7,pusty,2007-01-14 13:07:35,2,2,2,0.04,91820
16,5,7,pusty,2007-01-14 13:07:35,2,3,2,0.04,73075
16,5,7,pusty,2007-01-14 13:07:35,3,1,2,0.27,262115
16,5,7,pusty,2007-01-14 13:07:36,3,2,2,0.21,64606
16,5,7,pusty,2007-01-14 13:07:36,3,3,2,0.26,53582
16,5,8,pusty,2007-01-14 13:07:38,1,1,2,2.13,11107989
16,5,8,pusty,2007-01-14 13:07:39,1,2,2,0.50,943325
16,5,8,pusty,2007-01-14 13:07:39,1,3,2,0.53,909341
16,5,8,pusty,2007-01-14 13:07:40,2,1,2,0.49,2795871
16,5,8,pusty,2007-01-14 13:07:40,2,2,2,0.17,290281
16,5,8,pusty,2007-01-14 13:07:41,2,3,2,0.16,267628
16,5,8,pusty,2007-01-14 13:07:41,3,1,2,0.24,297603
16,5,8,pusty,2007-01-14 13:07:41,3,2,2,0.21,40318
16,5,8,pusty,2007-01-14 13:07:41,3,3,2,0.23,34007
16,5,9,pusty,2007-01-14 13:08:42,1,1,2,Command exited with non-zero status 137 0.00,Timeout: aborting command ``../../src/branch'' with signal 9 Killed
16,5,9,pusty,2007-01-14 13:09:42,1,2,2,Command exited with non-zero status 137 0.00,Timeout: aborting command ``../../src/branch'' with signal 9 Killed
16,5,9,pusty,2007-01-14 13:10:42,1,3,2,Command exited with non-zero status 137 0.00,Timeout: aborting command ``../../src/branch'' with signal 9 Killed
16,5,9,pusty,2007-01-14 13:11:42,2,1,2,Command exited with non-zero status 137 0.00,Timeout: aborting command ``../../src/branch'' with signal 9 Killed
16,5,9,pusty,2007-01-14 13:12:42,2,2,2,Command exited with non-zero status 137 0.00,Timeout: aborting command ``../../src/branch'' with signal 9 Killed
16,5,9,pusty,2007-01-14 13:13:42,2,3,2,Command exited with non-zero status 137 0.00,Timeout: aborting command ``../../src/branch'' with signal 9 Killed
16,5,9,pusty,2007-01-14 13:14:36,3,1,2,53.89,246549305
16,5,9,pusty,2007-01-14 13:15:37,3,2,2,Command exited with non-zero status 137 0.00,Timeout: aborting command ``../../src/branch'' with signal 9 Killed
16,5,9,pusty,2007-01-14 13:16:37,3,3,2,Command exited with non-zero status 137 0.00,Timeout: aborting command ``../../src/branch'' with signal 9 Killed
16,6,10,pusty,2007-01-14 13:17:53,1,1,2,Command exited with non-zero status 137 0.00,Timeout: aborting command ``../../src/branch'' with signal 9 Killed
16,6,10,pusty,2007-01-14 13:18:53,1,2,2,Command exited with non-zero status 137 0.00,Timeout: aborting command ``../../src/branch'' with signal 9 Killed
16,6,10,pusty,2007-01-14 13:19:53,1,3,2,Command exited with non-zero status 137 0.00,Timeout: aborting command ``../../src/branch'' with signal 9 Killed
16,6,10,pusty,2007-01-14 13:20:53,2,1,2,Command exited with non-zero status 137 0.00,Timeout: aborting command ``../../src/branch'' with signal 9 Killed
16,6,10,pusty,2007-01-14 13:21:53,2,2,2,Command exited with non-zero status 137 0.00,Timeout: aborting command ``../../src/branch'' with signal 9 Killed
16,6,10,pusty,2007-01-14 13:22:53,2,3,2,Command exited with non-zero status 137 0.00,Timeout: aborting command ``../../src/branch'' with signal 9 Killed
16,6,10,pusty,2007-01-14 13:23:19,3,1,2,25.78,120193410
16,6,10,pusty,2007-01-14 13:23:56,3,2,2,36.56,57223061
16,6,10,pusty,2007-01-14 13:24:31,3,3,2,34.36,40084283
16,6,11,pusty,2007-01-14 13:24:32,1,1,2,0.44,2011144
16,6,11,pusty,2007-01-14 13:24:32,1,2,2,0.58,909302
16,6,11,pusty,2007-01-14 13:24:33,1,3,2,0.65,786429
16,6,11,pusty,2007-01-14 13:24:33,2,1,2,0.01,79802
16,6,11,pusty,2007-01-14 13:24:33,2,2,2,0.02,45211
16,6,11,pusty,2007-01-14 13:24:33,2,3,2,0.02,39472
16,6,11,pusty,2007-01-14 13:24:34,3,1,2,0.21,9831
16,6,11,pusty,2007-01-14 13:24:34,3,2,2,0.20,5656
16,6,11,pusty,2007-01-14 13:24:34,3,3,2,0.23,4672
16,6,12,pusty,2007-01-14 13:25:34,1,1,2,Command exited with non-zero status 137 0.00,Timeout: aborting command ``../../src/branch'' with signal 9 Killed
16,6,12,pusty,2007-01-14 13:26:34,1,2,2,Command exited with non-zero status 137 0.00,Timeout: aborting command ``../../src/branch'' with signal 9 Killed
16,6,12,pusty,2007-01-14 13:27:34,1,3,2,Command exited with non-zero status 137 0.00,Timeout: aborting command ``../../src/branch'' with signal 9 Killed
16,6,12,pusty,2007-01-14 13:28:34,2,1,2,Command exited with non-zero status 137 0.00,Timeout: aborting command ``../../src/branch'' with signal 9 Killed
16,6,12,pusty,2007-01-14 13:29:35,2,2,2,Command exited with non-zero status 137 0.00,Timeout: aborting command ``../../src/branch'' with signal 9 Killed
16,6,12,pusty,2007-01-14 13:30:35,2,3,2,Command exited with non-zero status 137 0.00,Timeout: aborting command ``../../src/branch'' with signal 9 Killed
16,6,12,pusty,2007-01-14 13:31:35,3,1,2,Command exited with non-zero status 137 0.00,Timeout: aborting command ``../../src/branch'' with signal 9 Killed
16,6,12,pusty,2007-01-14 13:32:35,3,2,2,Command exited with non-zero status 137 0.00,Timeout: aborting command ``../../src/branch'' with signal 9 Killed
16,6,12,pusty,2007-01-14 13:33:35,3,3,2,Command exited with non-zero status 137 0.00,Timeout: aborting command ``../../src/branch'' with signal 9 Killed
16,6,13,pusty,2007-01-14 13:33:36,1,1,2,0.91,4446117
16,6,13,pusty,2007-01-14 13:33:37,1,2,2,0.51,764257
16,6,13,pusty,2007-01-14 13:33:37,1,3,2,0.46,581873
16,6,13,pusty,2007-01-14 13:33:37,2,1,2,0.13,591344
16,6,13,pusty,2007-01-14 13:33:37,2,2,2,0.04,64999
16,6,13,pusty,2007-01-14 13:33:37,2,3,2,0.04,37970
16,6,13,pusty,2007-01-14 13:33:38,3,1,2,0.31,615438
16,6,13,pusty,2007-01-14 13:33:38,3,2,2,0.28,80662
16,6,13,pusty,2007-01-14 13:33:38,3,3,2,0.23,44316
16,6,14,pusty,2007-01-14 13:34:00,1,1,2,20.98,96813192
16,6,14,pusty,2007-01-14 13:34:28,1,2,2,28.20,45424451
16,6,14,pusty,2007-01-14 13:34:54,1,3,2,25.29,30230318
16,6,14,pusty,2007-01-14 13:35:13,2,1,2,18.84,86797650
16,6,14,pusty,2007-01-14 13:35:34,2,2,2,20.68,33041274
16,6,14,pusty,2007-01-14 13:35:53,2,3,2,18.39,21304823
16,6,14,pusty,2007-01-14 13:36:13,3,1,2,20.22,92828056
16,6,14,pusty,2007-01-14 13:36:40,3,2,2,26.08,41739821
16,6,14,pusty,2007-01-14 13:37:03,3,3,2,22.97,27238628
16,6,15,pusty,2007-01-14 13:37:04,1,1,2,1.29,6527661
16,6,15,pusty,2007-01-14 13:37:05,1,2,2,0.43,723630
16,6,15,pusty,2007-01-14 13:37:05,1,3,2,0.54,689099
16,6,15,pusty,2007-01-14 13:37:06,2,1,2,0.08,470307
16,6,15,pusty,2007-01-14 13:37:06,2,2,2,0.04,73934
16,6,15,pusty,2007-01-14 13:37:06,2,3,2,0.04,65983
16,6,15,pusty,2007-01-14 13:37:06,3,1,2,0.24,193628
16,6,15,pusty,2007-01-14 13:37:06,3,2,2,0.24,24582
16,6,15,pusty,2007-01-14 13:37:07,3,3,2,0.23,17712
16,6,16,pusty,2007-01-14 13:37:08,1,1,2,1.02,4691288
16,6,16,pusty,2007-01-14 13:37:10,1,2,2,1.64,2235546
16,6,16,pusty,2007-01-14 13:37:11,1,3,2,1.76,1521016
16,6,16,pusty,2007-01-14 13:37:12,2,1,2,0.78,3612995
16,6,16,pusty,2007-01-14 13:37:13,2,2,2,1.12,1520915
16,6,16,pusty,2007-01-14 13:37:15,2,3,2,1.13,1037236
16,6,16,pusty,2007-01-14 13:37:15,3,1,2,0.66,2108917
16,6,16,pusty,2007-01-14 13:37:16,3,2,2,0.88,904558
16,6,16,pusty,2007-01-14 13:37:17,3,3,2,0.88,582006
16,6,17,pusty,2007-01-14 13:37:19,1,1,2,1.28,6124829
16,6,17,pusty,2007-01-14 13:37:20,1,2,2,1.55,2302322
16,6,17,pusty,2007-01-14 13:37:22,1,3,2,1.55,1856406
16,6,17,pusty,2007-01-14 13:37:22,2,1,2,0.06,303599
16,6,17,pusty,2007-01-14 13:37:22,2,2,2,0.08,131037
16,6,17,pusty,2007-01-14 13:37:22,2,3,2,0.07,89239
16,6,17,pusty,2007-01-14 13:37:23,3,1,2,0.22,147106
16,6,17,pusty,2007-01-14 13:37:23,3,2,2,0.26,64560
16,6,17,pusty,2007-01-14 13:37:23,3,3,2,0.22,39929
16,6,18,pusty,2007-01-14 13:37:29,1,1,2,5.74,27195857
16,6,18,pusty,2007-01-14 13:37:29,1,2,2,0.15,275724
16,6,18,pusty,2007-01-14 13:37:30,1,3,2,0.11,137781
16,6,18,pusty,2007-01-14 13:37:31,2,1,2,1.75,8394161
16,6,18,pusty,2007-01-14 13:37:32,2,2,2,0.06,97685
16,6,18,pusty,2007-01-14 13:37:32,2,3,2,0.04,52576
16,6,18,pusty,2007-01-14 13:37:34,3,1,2,2.22,9439429
16,6,18,pusty,2007-01-14 13:37:34,3,2,2,0.26,104898
16,6,18,pusty,2007-01-14 13:37:35,3,3,2,0.27,51663
16,6,19,pusty,2007-01-14 13:37:43,1,1,2,8.12,36673445
16,6,19,pusty,2007-01-14 13:38:03,1,2,2,19.57,28623324
16,6,19,pusty,2007-01-14 13:38:27,1,3,2,23.49,22161876
16,6,19,pusty,2007-01-14 13:38:32,2,1,2,5.32,23415464
16,6,19,pusty,2007-01-14 13:38:47,2,2,2,14.76,21512853
16,6,19,pusty,2007-01-14 13:39:07,2,3,2,19.51,18029452
16,6,19,pusty,2007-01-14 13:39:12,3,1,2,5.10,21844970
16,6,19,pusty,2007-01-14 13:39:27,3,2,2,14.48,20449318
16,6,19,pusty,2007-01-14 13:39:46,3,3,2,18.70,16995105
16,6,1,pusty,2007-01-14 13:16:39,1,1,2,2.40,11609446
16,6,1,pusty,2007-01-14 13:16:45,1,2,2,5.92,9725278
16,6,1,pusty,2007-01-14 13:16:51,1,3,2,5.53,7772878
16,6,1,pusty,2007-01-14 13:16:51,2,1,2,0.09,451239
16,6,1,pusty,2007-01-14 13:16:51,2,2,2,0.14,220907
16,6,1,pusty,2007-01-14 13:16:51,2,3,2,0.12,124460
16,6,1,pusty,2007-01-14 13:16:52,3,1,2,0.28,419807
16,6,1,pusty,2007-01-14 13:16:52,3,2,2,0.39,195153
16,6,1,pusty,2007-01-14 13:16:53,3,3,2,0.29,109805
16,6,20,pusty,2007-01-14 13:41:48,1,1,2,3.06,14165228
16,6,20,pusty,2007-01-14 13:41:48,1,2,2,0.65,1005977
16,6,20,pusty,2007-01-14 13:41:49,1,3,2,0.48,565810
16,6,20,pusty,2007-01-14 13:41:50,2,1,2,1.29,6057000
16,6,20,pusty,2007-01-14 13:41:51,2,2,2,0.21,376117
16,6,20,pusty,2007-01-14 13:41:51,2,3,2,0.17,200053
16,6,20,pusty,2007-01-14 13:41:52,3,1,2,1.28,4742480
16,6,20,pusty,2007-01-14 13:41:53,3,2,2,0.38,251302
16,6,20,pusty,2007-01-14 13:41:53,3,3,2,0.32,131601
16,6,2,pusty,2007-01-14 13:39:51,1,1,2,5.16,24188666
16,6,2,pusty,2007-01-14 13:40:02,1,2,2,10.44,16925792
16,6,2,pusty,2007-01-14 13:40:13,1,3,2,11.35,14715757
16,6,2,pusty,2007-01-14 13:40:28,2,1,2,14.50,68797289
16,6,2,pusty,2007-01-14 13:41:04,2,2,2,35.65,61592826
16,6,2,pusty,2007-01-14 13:41:43,2,3,2,38.65,55485652
16,6,2,pusty,2007-01-14 13:41:44,3,1,2,0.32,312690
16,6,2,pusty,2007-01-14 13:41:44,3,2,2,0.33,151970
16,6,2,pusty,2007-01-14 13:41:44,3,3,2,0.31,102440
16,6,3,pusty,2007-01-14 13:41:54,1,1,2,0.58,2816466
16,6,3,pusty,2007-01-14 13:41:54,1,2,2,0.08,123958
16,6,3,pusty,2007-01-14 13:41:54,1,3,2,0.07,92419
16,6,3,pusty,2007-01-14 13:41:54,2,1,2,0.12,598840
16,6,3,pusty,2007-01-14 13:41:54,2,2,2,0.02,25738
16,6,3,pusty,2007-01-14 13:41:54,2,3,2,0.01,15021
16,6,3,pusty,2007-01-14 13:41:55,3,1,2,0.22,80322
16,6,3,pusty,2007-01-14 13:41:55,3,2,2,0.22,6965
16,6,3,pusty,2007-01-14 13:41:55,3,3,2,0.20,3559
16,6,4,pusty,2007-01-14 13:41:56,1,1,2,0.23,1198210
16,6,4,pusty,2007-01-14 13:41:56,1,2,2,0.28,446864
16,6,4,pusty,2007-01-14 13:41:56,1,3,2,0.34,374389
16,6,4,pusty,2007-01-14 13:41:56,2,1,2,0.03,162420
16,6,4,pusty,2007-01-14 13:41:57,2,2,2,0.04,70219
16,6,4,pusty,2007-01-14 13:41:57,2,3,2,0.05,59425
16,6,4,pusty,2007-01-14 13:41:57,3,1,2,0.22,129802
16,6,4,pusty,2007-01-14 13:41:57,3,2,2,0.23,44784
16,6,4,pusty,2007-01-14 13:41:57,3,3,2,0.23,35956
16,6,5,pusty,2007-01-14 13:41:58,1,1,2,0.64,3051111
16,6,5,pusty,2007-01-14 13:41:59,1,2,2,0.22,344370
16,6,5,pusty,2007-01-14 13:41:59,1,3,2,0.17,185523
16,6,5,pusty,2007-01-14 13:41:59,2,1,2,0.13,672714
16,6,5,pusty,2007-01-14 13:41:59,2,2,2,0.09,130691
16,6,5,pusty,2007-01-14 13:41:59,2,3,2,0.06,66432
16,6,5,pusty,2007-01-14 13:41:59,3,1,2,0.27,347376
16,6,5,pusty,2007-01-14 13:42:00,3,2,2,0.24,51103
16,6,5,pusty,2007-01-14 13:42:00,3,3,2,0.24,26120
16,6,6,pusty,2007-01-14 13:42:01,1,1,2,0.89,4312216
16,6,6,pusty,2007-01-14 13:42:02,1,2,2,1.17,1672810
16,6,6,pusty,2007-01-14 13:42:04,1,3,2,1.14,1189942
16,6,6,pusty,2007-01-14 13:42:04,2,1,2,0.67,3219689
16,6,6,pusty,2007-01-14 13:42:05,2,2,2,1.06,1532580
16,6,6,pusty,2007-01-14 13:42:06,2,3,2,0.94,1062184
16,6,6,pusty,2007-01-14 13:42:07,3,1,2,0.42,1112975
16,6,6,pusty,2007-01-14 13:42:07,3,2,2,0.51,490970
16,6,6,pusty,2007-01-14 13:42:08,3,3,2,0.58,363164
16,6,7,pusty,2007-01-14 13:42:13,1,1,2,4.26,20156042
16,6,7,pusty,2007-01-14 13:42:17,1,2,2,4.46,6378015
16,6,7,pusty,2007-01-14 13:42:22,1,3,2,4.75,4656381
16,6,7,pusty,2007-01-14 13:42:23,2,1,2,1.15,5357727
16,6,7,pusty,2007-01-14 13:42:25,2,2,2,1.35,2039652
16,6,7,pusty,2007-01-14 13:42:26,2,3,2,1.44,1538502
16,6,7,pusty,2007-01-14 13:42:27,3,1,2,0.67,2336583
16,6,7,pusty,2007-01-14 13:42:28,3,2,2,0.72,735310
16,6,7,pusty,2007-01-14 13:42:29,3,3,2,0.78,547825
16,6,8,pusty,2007-01-14 13:43:29,1,1,2,Command exited with non-zero status 137 0.00,Timeout: aborting command ``../../src/branch'' with signal 9 Killed
16,6,8,pusty,2007-01-14 13:44:29,1,2,2,Command exited with non-zero status 137 0.00,Timeout: aborting command ``../../src/branch'' with signal 9 Killed
16,6,8,pusty,2007-01-14 13:45:29,1,3,2,Command exited with non-zero status 137 0.00,Timeout: aborting command ``../../src/branch'' with signal 9 Killed
16,6,8,pusty,2007-01-14 13:46:29,2,1,2,Command exited with non-zero status 137 0.00,Timeout: aborting command ``../../src/branch'' with signal 9 Killed
16,6,8,pusty,2007-01-14 13:47:29,2,2,2,Command exited with non-zero status 137 0.00,Timeout: aborting command ``../../src/branch'' with signal 9 Killed
16,6,8,pusty,2007-01-14 13:48:29,2,3,2,Command exited with non-zero status 137 0.00,Timeout: aborting command ``../../src/branch'' with signal 9 Killed
16,6,8,pusty,2007-01-14 13:49:29,3,1,2,Command exited with non-zero status 137 0.00,Timeout: aborting command ``../../src/branch'' with signal 9 Killed
16,6,8,pusty,2007-01-14 13:50:29,3,2,2,Command exited with non-zero status 137 0.00,Timeout: aborting command ``../../src/branch'' with signal 9 Killed
16,6,8,pusty,2007-01-14 13:51:29,3,3,2,Command exited with non-zero status 137 0.00,Timeout: aborting command ``../../src/branch'' with signal 9 Killed
16,6,9,pusty,2007-01-14 13:51:30,1,1,2,0.47,2448105
16,6,9,pusty,2007-01-14 13:51:30,1,2,2,0.43,593516
16,6,9,pusty,2007-01-14 13:51:31,1,3,2,0.36,390575
16,6,9,pusty,2007-01-14 13:51:31,2,1,2,0.11,588763
16,6,9,pusty,2007-01-14 13:51:31,2,2,2,0.10,141652
16,6,9,pusty,2007-01-14 13:51:31,2,3,2,0.10,96124
16,6,9,pusty,2007-01-14 13:51:32,3,1,2,0.24,159650
16,6,9,pusty,2007-01-14 13:51:32,3,2,2,0.23,46257
16,6,9,pusty,2007-01-14 13:51:32,3,3,2,0.24,34729
